run,strategy,generation,index,algorithm,fitness
exp_mo_1plus1_run1,(1+1)-ES,0,1,MOBO_GP_Tchebycheff,0.433538
exp_mo_1plus1_run1,(1+1)-ES,1,2,MOBO_GP_Tchebycheff_LCB,0.421163
exp_mo_1plus1_run1,(1+1)-ES,2,3,MOBO_GP_Tchebycheff_LocalOpt,
exp_mo_1plus1_run1,(1+1)-ES,3,4,MOBO_GP_Tchebycheff_LCB,0.432769
exp_mo_1plus1_run1,(1+1)-ES,4,5,MOBO_GP_Tchebycheff,0.460604
exp_mo_1plus1_run1,(1+1)-ES,5,6,MOBO_GP_Tchebycheff,0.450992
exp_mo_1plus1_run1,(1+1)-ES,6,7,MOBO_GP_Tchebycheff_Isotropic,0.431719
exp_mo_1plus1_run1,(1+1)-ES,7,8,MOBO_GP_Tchebycheff,0.443445
exp_mo_1plus1_run1,(1+1)-ES,8,9,MOBO_GP_Tchebycheff_Isotropic,0.400606
exp_mo_1plus1_run1,(1+1)-ES,9,10,MOBO_GP_Tchebycheff_Fast,0.435852
exp_mo_1plus1_run1,(1+1)-ES,10,11,MOBO_GP_Tchebycheff_Refined,0.439150
exp_mo_1plus1_run1,(1+1)-ES,11,12,MOBO_GP_Tchebycheff,0.443621
exp_mo_1plus1_run1,(1+1)-ES,12,13,MOBO_GP_Tchebycheff_Fast,0.505500
exp_mo_1plus1_run1,(1+1)-ES,13,14,MOBO_GP_Tchebycheff_HV,0.490024
exp_mo_1plus1_run1,(1+1)-ES,14,15,MOBO_GP_Tchebycheff_FixedKernel,0.476222
exp_mo_1plus1_run1,(1+1)-ES,15,16,MOBO_GP_Tchebycheff_Optimized,0.451395
exp_mo_1plus1_run1,(1+1)-ES,16,17,MOBO_GP_Tchebycheff_Fast,0.444821
exp_mo_1plus1_run1,(1+1)-ES,17,18,MOBO_GP_Tchebycheff_LCB,0.474965
exp_mo_1plus1_run1,(1+1)-ES,18,19,MOBO_GP_Tchebycheff_Fast_Refined,
exp_mo_1plus1_run1,(1+1)-ES,19,20,MOBO_GP_Tchebycheff_Fast,0.455641
exp_mo_1plus1_run1,(1+1)-ES,20,21,MOBO_GP_Tchebycheff_Refined,0.469908
exp_mo_1plus1_run1,(1+1)-ES,21,22,MOBO_GP_Tchebycheff_Fast_V2,0.458468
exp_mo_1plus1_run1,(1+1)-ES,22,23,MOBO_GP_Tchebycheff_AdaptiveKernel,0.462945
exp_mo_1plus1_run1,(1+1)-ES,23,24,MOBO_GP_Tchebycheff_Streamlined,0.446026
exp_mo_1plus1_run1,(1+1)-ES,24,25,MOBO_GP_Tchebycheff_SobolWeights,0.467286
exp_mo_1plus1_run1,(1+1)-ES,25,26,MOBO_GP_Tchebycheff_Robust,0.486598
exp_mo_1plus1_run1,(1+1)-ES,26,27,MOBO_GP_Tchebycheff_Fast,0.513487
exp_mo_1plus1_run1,(1+1)-ES,27,28,MOBO_GP_Tchebycheff_Fast,0.485197
exp_mo_1plus1_run1,(1+1)-ES,28,29,MOBO_GP_Tchebycheff_Fast,0.412290
exp_mo_1plus1_run1,(1+1)-ES,29,30,MOBO_GP_Tchebycheff_Fast,0.458328
exp_mo_1plus1_run1,(1+1)-ES,30,31,MOBO_GP_Tchebycheff_Uncertainty,0.461780
exp_mo_1plus1_run1,(1+1)-ES,31,32,MOBO_GP_Tchebycheff_LCB,0.431628
exp_mo_1plus1_run1,(1+1)-ES,32,33,MOBO_GP_Tchebycheff_Exploration,0.468743
exp_mo_1plus1_run1,(1+1)-ES,33,34,MOBO_GP_Tchebycheff_UCB,0.466620
exp_mo_1plus1_run1,(1+1)-ES,34,35,MOBO_GP_Tchebycheff_Fast,0.477923
exp_mo_1plus1_run1,(1+1)-ES,35,36,MOBO_GP_Tchebycheff_WUCB,0.490345
exp_mo_1plus1_run1,(1+1)-ES,36,37,MOBO_GP_Tchebycheff_UCB,0.464723
exp_mo_1plus1_run1,(1+1)-ES,37,38,MOBO_GP_Tchebycheff_Fast,0.459193
exp_mo_1plus1_run1,(1+1)-ES,38,39,MOBO_GP_Tchebycheff_Fast,0.440294
exp_mo_1plus1_run1,(1+1)-ES,39,40,MOBO_GP_Tchebycheff_Fast,0.491513
exp_mo_1plus1_run1,(1+1)-ES,40,41,MOBO_GP_Tchebycheff_Fast,0.478761
exp_mo_1plus1_run1,(1+1)-ES,41,42,MOBO_GP_Tchebycheff_Explorative,0.495863
exp_mo_1plus1_run1,(1+1)-ES,42,43,MOBO_GP_Tchebycheff_LCB,0.499355
exp_mo_1plus1_run1,(1+1)-ES,43,44,MOBO_GP_Tchebycheff_LCB,0.451696
exp_mo_1plus1_run1,(1+1)-ES,44,45,MOBO_GP_Tchebycheff_Fast,0.471377
exp_mo_1plus1_run1,(1+1)-ES,45,46,MOBO_GP_Tchebycheff_Exploratory,0.518347
exp_mo_1plus1_run1,(1+1)-ES,46,47,MOBO_GP_Tchebycheff_Exploratory,0.456453
exp_mo_1plus1_run1,(1+1)-ES,47,48,MOBO_GP_Tchebycheff_AdaptiveScale,0.471240
exp_mo_1plus1_run1,(1+1)-ES,48,49,MOBO_GP_Tchebycheff_Exploratory,0.400997
exp_mo_1plus1_run1,(1+1)-ES,49,50,MOBO_GP_Tchebycheff_Exploratory,0.426196
exp_mo_1plus1_run1,(1+1)-ES,50,51,MOBO_GP_Tchebycheff_LCB,0.517110
exp_mo_1plus1_run1,(1+1)-ES,51,52,MOBO_GP_Tchebycheff_Exploratory_Refined,0.486153
exp_mo_1plus1_run1,(1+1)-ES,52,53,MOBO_GP_Tchebycheff_Exploratory,0.464912
exp_mo_1plus1_run1,(1+1)-ES,53,54,MOBO_GP_Tchebycheff_Exploratory,0.511153
exp_mo_1plus1_run1,(1+1)-ES,54,55,MOBO_GP_Tchebycheff_Exploratory_Refined,0.471613
exp_mo_1plus1_run1,(1+1)-ES,55,56,MOBO_GP_Tchebycheff_Exploratory_Refined,0.458111
exp_mo_1plus1_run1,(1+1)-ES,56,57,MOBO_GP_Tchebycheff_Exploratory,0.443151
exp_mo_1plus1_run1,(1+1)-ES,57,58,MOBO_GP_LCB_Tchebycheff,0.478678
exp_mo_1plus1_run1,(1+1)-ES,58,59,MOBO_GP_Tchebycheff_Exploratory,0.479474
exp_mo_1plus1_run1,(1+1)-ES,59,60,MOBO_GP_Tchebycheff_Exploratory,0.452526
exp_mo_1plus1_run1,(1+1)-ES,60,61,MOBO_GP_Tchebycheff_Exploratory,0.443684
exp_mo_1plus1_run1,(1+1)-ES,61,62,MOBO_GP_Tchebycheff_Exploratory,0.466447
exp_mo_1plus1_run1,(1+1)-ES,62,63,MOBO_GP_Tchebycheff_Exploratory,0.483419
exp_mo_1plus1_run1,(1+1)-ES,63,64,MOBO_GP_Tchebycheff_Exploratory,0.434650
exp_mo_1plus1_run1,(1+1)-ES,64,65,MOBO_GP_Tchebycheff_Exploratory,0.513694
exp_mo_1plus1_run1,(1+1)-ES,65,66,MOBO_GP_Tchebycheff_Exploratory,0.458353
exp_mo_1plus1_run1,(1+1)-ES,66,67,MOBO_GP_Tchebycheff_Exploratory,0.481062
exp_mo_1plus1_run1,(1+1)-ES,67,68,MOBO_GP_Tchebycheff_Exploratory,0.515154
exp_mo_1plus1_run1,(1+1)-ES,68,69,MOBO_GP_Tchebycheff_Refined,0.531651
exp_mo_1plus1_run1,(1+1)-ES,69,70,MOBO_GP_Tchebycheff_Refined,0.454625
exp_mo_1plus1_run1,(1+1)-ES,70,71,MOBO_GP_Tchebycheff_Refined,0.460889
exp_mo_1plus1_run1,(1+1)-ES,71,72,MOBO_GP_Tchebycheff_Enhanced,0.478269
exp_mo_1plus1_run1,(1+1)-ES,72,73,MOBO_GP_Tchebycheff_Refined,0.471799
exp_mo_1plus1_run1,(1+1)-ES,73,74,MOBO_GP_Tchebycheff_Refined,0.460157
exp_mo_1plus1_run1,(1+1)-ES,74,75,MOBO_GP_Tchebycheff_Refined_v2,0.451693
exp_mo_1plus1_run1,(1+1)-ES,75,76,MOBO_GP_Tchebycheff_Refined,0.427468
exp_mo_1plus1_run1,(1+1)-ES,76,77,MOBO_GP_Tchebycheff_Refined,0.410141
exp_mo_1plus1_run1,(1+1)-ES,77,78,MOBO_GP_Tchebycheff_Refined,0.461963
exp_mo_1plus1_run1,(1+1)-ES,78,79,MOBO_GP_Tchebycheff_Refined,0.435292
exp_mo_1plus1_run1,(1+1)-ES,79,80,MOBO_GP_Tchebycheff_Refined,0.500339
exp_mo_1plus1_run1,(1+1)-ES,80,81,MOBO_GP_Tchebycheff_Refined,0.516129
exp_mo_1plus1_run1,(1+1)-ES,81,82,MOBO_GP_Tchebycheff_Refined,0.502706
exp_mo_1plus1_run1,(1+1)-ES,82,83,MOBO_GP_Tchebycheff_Refined,0.482981
exp_mo_1plus1_run1,(1+1)-ES,83,84,MOBO_GP_Tchebycheff_Refined,0.414937
exp_mo_1plus1_run1,(1+1)-ES,84,85,MOBO_GP_Tchebycheff_Robust,0.415342
exp_mo_1plus1_run1,(1+1)-ES,85,86,MOBO_GP_Tchebycheff_Refined,0.432231
exp_mo_1plus1_run1,(1+1)-ES,86,87,MOBO_GP_Tchebycheff_Refined,0.417168
exp_mo_1plus1_run1,(1+1)-ES,87,88,MOBO_GP_Tchebycheff_EpsilonGreedy,0.399110
exp_mo_1plus1_run1,(1+1)-ES,88,89,MOBO_GP_Tchebycheff_Aspirational,0.394965
exp_mo_1plus1_run1,(1+1)-ES,89,90,MOBO_GP_Tchebycheff_NadirRefined,0.440615
exp_mo_1plus1_run1,(1+1)-ES,90,91,MOBO_GP_Tchebycheff_Refined,0.459551
exp_mo_1plus1_run1,(1+1)-ES,91,92,MOBO_GP_Tchebycheff_Refined,0.495227
exp_mo_1plus1_run1,(1+1)-ES,92,93,MOBO_GP_Tchebycheff_Refined,0.479824
exp_mo_1plus1_run1,(1+1)-ES,93,94,MOBO_GP_Tchebycheff_Refined,0.442449
exp_mo_1plus1_run1,(1+1)-ES,94,95,MOBO_GP_Tchebycheff_Refined,0.425355
exp_mo_1plus1_run1,(1+1)-ES,95,96,MOBO_GP_Tchebycheff_Enhanced,0.506340
exp_mo_1plus1_run1,(1+1)-ES,96,97,MOBO_GP_Tchebycheff_MaxHV,0.334515
exp_mo_1plus1_run1,(1+1)-ES,97,98,MOBO_GP_Tchebycheff_Refined,0.464568
exp_mo_1plus1_run1,(1+1)-ES,98,99,MOBO_GP_Tchebycheff_Robust,0.434656
exp_mo_1plus1_run1,(1+1)-ES,99,100,MOBO_GP_Tchebycheff_Robust,0.460117
exp_mo_1plus1_run2,(1+1)-ES,0,1,MOBOEHVISurrogate,0.466631
exp_mo_1plus1_run2,(1+1)-ES,1,2,MOBOEHVISurrogate,0.378821
exp_mo_1plus1_run2,(1+1)-ES,2,3,MOBOParEGO,
exp_mo_1plus1_run2,(1+1)-ES,3,4,MOBOEHVISurrogate,0.457684
exp_mo_1plus1_run2,(1+1)-ES,4,5,MOBOEHVISurrogate,0.455070
exp_mo_1plus1_run2,(1+1)-ES,5,6,MOBOESISurrogate,0.488395
exp_mo_1plus1_run2,(1+1)-ES,6,7,MOBOESISurrogate,0.415782
exp_mo_1plus1_run2,(1+1)-ES,7,8,MOBOESISurrogate,0.449361
exp_mo_1plus1_run2,(1+1)-ES,8,9,MOBOESISurrogate,0.368225
exp_mo_1plus1_run2,(1+1)-ES,9,10,MOBOESIMaternGP,0.345129
exp_mo_1plus1_run2,(1+1)-ES,10,11,MOBOESISurrogate,
exp_mo_1plus1_run2,(1+1)-ES,11,12,MOBOESISurrogate,0.445834
exp_mo_1plus1_run2,(1+1)-ES,12,13,MOBOESISurrogate,0.445213
exp_mo_1plus1_run2,(1+1)-ES,13,14,MOBOESISurrogate,0.427726
exp_mo_1plus1_run2,(1+1)-ES,14,15,MOBOESISurrogate,0.345028
exp_mo_1plus1_run2,(1+1)-ES,15,16,MOBOESISurrogate,0.426776
exp_mo_1plus1_run2,(1+1)-ES,16,17,MOBOESISurrogate,0.335748
exp_mo_1plus1_run2,(1+1)-ES,17,18,MOBOESISurrogate,0.466228
exp_mo_1plus1_run2,(1+1)-ES,18,19,MOBOESISurrogate,0.418712
exp_mo_1plus1_run2,(1+1)-ES,19,20,MOBOESISurrogate,0.435494
exp_mo_1plus1_run2,(1+1)-ES,20,21,MOBOESISurrogate,0.343638
exp_mo_1plus1_run2,(1+1)-ES,21,22,MOBOESISurrogate,0.451849
exp_mo_1plus1_run2,(1+1)-ES,22,23,MOBOESILimitedGP,0.494793
exp_mo_1plus1_run2,(1+1)-ES,23,24,MOBOESILimitedGP,0.454728
exp_mo_1plus1_run2,(1+1)-ES,24,25,MOBOESILimitedGP,0.428898
exp_mo_1plus1_run2,(1+1)-ES,25,26,MOBOESILimitedGP,0.460556
exp_mo_1plus1_run2,(1+1)-ES,26,27,MOBOESIFastGP,0.411196
exp_mo_1plus1_run2,(1+1)-ES,27,28,MOBOESILimitedGP,0.413373
exp_mo_1plus1_run2,(1+1)-ES,28,29,MOBOESIFastGP,0.411021
exp_mo_1plus1_run2,(1+1)-ES,29,30,MOBOESILimitedGP,0.387186
exp_mo_1plus1_run2,(1+1)-ES,30,31,MOBOESILimitedGP,0.420086
exp_mo_1plus1_run2,(1+1)-ES,31,32,MOBOESILimitedGP,0.405118
exp_mo_1plus1_run2,(1+1)-ES,32,33,MOBOESIEfficientGP,0.465852
exp_mo_1plus1_run2,(1+1)-ES,33,34,MOBOESILimitedGP,0.462101
exp_mo_1plus1_run2,(1+1)-ES,34,35,MOBOESILimitedGP,0.415642
exp_mo_1plus1_run2,(1+1)-ES,35,36,MOBOESILimitedGP,
exp_mo_1plus1_run2,(1+1)-ES,36,37,MOBOESILimitedGP,0.508724
exp_mo_1plus1_run2,(1+1)-ES,37,38,MOBOESILimitedGP,0.442172
exp_mo_1plus1_run2,(1+1)-ES,38,39,MOBOESILimitedGPFast,0.348442
exp_mo_1plus1_run2,(1+1)-ES,39,40,MOBOESILimitedGP,0.439145
exp_mo_1plus1_run2,(1+1)-ES,40,41,MOBOESILimitedGPOpt,0.323466
exp_mo_1plus1_run2,(1+1)-ES,41,42,MOBOESILimitedGP,
exp_mo_1plus1_run2,(1+1)-ES,42,43,MOBOESIAdaptiveGP,0.460844
exp_mo_1plus1_run2,(1+1)-ES,43,44,MOBOESIFastGP,0.364654
exp_mo_1plus1_run2,(1+1)-ES,44,45,MOBOESILimitedGPRefined,0.482322
exp_mo_1plus1_run2,(1+1)-ES,45,46,MOBOESILimitedGP,0.442926
exp_mo_1plus1_run2,(1+1)-ES,46,47,MOBOESILimitedGP,0.340962
exp_mo_1plus1_run2,(1+1)-ES,47,48,MOBOESILimitedGP,0.435400
exp_mo_1plus1_run2,(1+1)-ES,48,49,MOBOESILimitedGP,
exp_mo_1plus1_run2,(1+1)-ES,49,50,MOBOESILimitedGP,0.409839
exp_mo_1plus1_run2,(1+1)-ES,50,51,MOBOESILimitedGP,
exp_mo_1plus1_run2,(1+1)-ES,51,52,MOBOESILimitedGP,
exp_mo_1plus1_run2,(1+1)-ES,52,53,MOBOESILimitedGP,
exp_mo_1plus1_run2,(1+1)-ES,53,54,MOBOESILimitedGP,0.375876
exp_mo_1plus1_run2,(1+1)-ES,54,55,MOBOESILimitedGP,0.474297
exp_mo_1plus1_run2,(1+1)-ES,55,56,MOBOESILimitedGP,0.393281
exp_mo_1plus1_run2,(1+1)-ES,56,57,MOBOESILimitedGP,0.465880
exp_mo_1plus1_run2,(1+1)-ES,57,58,MOBOESILimitedGP,0.501603
exp_mo_1plus1_run2,(1+1)-ES,58,59,MOBOESILimitedGP,0.429394
exp_mo_1plus1_run2,(1+1)-ES,59,60,MOBOESILimitedGP,0.362041
exp_mo_1plus1_run2,(1+1)-ES,60,61,MOBOESILimitedGP_v2,0.452503
exp_mo_1plus1_run2,(1+1)-ES,61,62,MOBOESILimitedGP_Fast,0.428679
exp_mo_1plus1_run2,(1+1)-ES,62,63,MOBOESILimitedGP,0.453160
exp_mo_1plus1_run2,(1+1)-ES,63,64,MOBOESILimitedGP,0.349988
exp_mo_1plus1_run2,(1+1)-ES,64,65,MOBOESILimitedGP,0.334486
exp_mo_1plus1_run2,(1+1)-ES,65,66,MOBOESILimitedGP,0.421629
exp_mo_1plus1_run2,(1+1)-ES,66,67,MOBOESILimitedGPRefined,0.353014
exp_mo_1plus1_run2,(1+1)-ES,67,68,MOBOESILimitedGP,0.329242
exp_mo_1plus1_run2,(1+1)-ES,68,69,MOBOESILimitedGP,0.385714
exp_mo_1plus1_run2,(1+1)-ES,69,70,MOBOESILimitedGP,0.443884
exp_mo_1plus1_run2,(1+1)-ES,70,71,MOBOESILimitedGP,0.479687
exp_mo_1plus1_run2,(1+1)-ES,71,72,MOBOESILimitedGP,0.430103
exp_mo_1plus1_run2,(1+1)-ES,72,73,MOBOESILimitedGP_Refined,0.422634
exp_mo_1plus1_run2,(1+1)-ES,73,74,MOBOESILimitedGP,
exp_mo_1plus1_run2,(1+1)-ES,74,75,MOBOESILimitedGP,0.408710
exp_mo_1plus1_run2,(1+1)-ES,75,76,MOBOESILimitedGPRefined,0.439197
exp_mo_1plus1_run2,(1+1)-ES,76,77,MOBOESILimitedGP,0.415581
exp_mo_1plus1_run2,(1+1)-ES,77,78,MOBOESILimitedGP,0.326898
exp_mo_1plus1_run2,(1+1)-ES,78,79,MOBOESILimitedGP,0.348131
exp_mo_1plus1_run2,(1+1)-ES,79,80,MOBOESILimitedGP,0.475731
exp_mo_1plus1_run2,(1+1)-ES,80,81,MOBOESILimitedGP,0.477669
exp_mo_1plus1_run2,(1+1)-ES,81,82,MOBOESILimitedGP,0.327670
exp_mo_1plus1_run2,(1+1)-ES,82,83,MOBOESILimitedGP,0.458804
exp_mo_1plus1_run2,(1+1)-ES,83,84,MOBOESIFixedKGP,0.468238
exp_mo_1plus1_run2,(1+1)-ES,84,85,MOBOESIWindowGP,
exp_mo_1plus1_run2,(1+1)-ES,85,86,MOBOESILimitedGPRefined,0.437389
exp_mo_1plus1_run2,(1+1)-ES,86,87,MOBOESILimitedGP,0.430409
exp_mo_1plus1_run2,(1+1)-ES,87,88,MOBOESILimitedGP,0.341141
exp_mo_1plus1_run2,(1+1)-ES,88,89,MOBOESIRestartGP,0.455095
exp_mo_1plus1_run2,(1+1)-ES,89,90,MOBOESILimitedGP,
exp_mo_1plus1_run2,(1+1)-ES,90,91,MOBOESILimitedGP,
exp_mo_1plus1_run2,(1+1)-ES,91,92,MOBOESILimitedGP,
exp_mo_1plus1_run2,(1+1)-ES,92,93,MOBOESILimitedGP,0.461452
exp_mo_1plus1_run2,(1+1)-ES,93,94,MOBOESILimitedGP,0.420741
exp_mo_1plus1_run2,(1+1)-ES,94,95,MOBOESILimitedGP,
exp_mo_1plus1_run2,(1+1)-ES,95,96,MOBOESILimitedGP,0.366432
exp_mo_1plus1_run2,(1+1)-ES,96,97,MOBOESILimitedGP,0.467717
exp_mo_1plus1_run2,(1+1)-ES,97,98,MOBOESILimitedGP,0.399947
exp_mo_1plus1_run2,(1+1)-ES,98,99,MOBOESILimitedGP,0.425524
exp_mo_1plus1_run2,(1+1)-ES,99,100,MOBOESILimitedGP,0.486592
exp_mo_1plus1_run3,(1+1)-ES,0,1,MOBO_GP_WeightedUCB,0.434148
exp_mo_1plus1_run3,(1+1)-ES,1,2,MOBO_GP_WeightedUCB,0.451375
exp_mo_1plus1_run3,(1+1)-ES,2,3,MOBO_GP_WeightedUCB,0.451375
exp_mo_1plus1_run3,(1+1)-ES,3,4,MOBO_GP_WeightedUCB,0.384966
exp_mo_1plus1_run3,(1+1)-ES,4,5,MOBO_GP_WeightedUCB,0.366586
exp_mo_1plus1_run3,(1+1)-ES,5,6,MOBO_GP_WeightedUCB,0.386747
exp_mo_1plus1_run3,(1+1)-ES,6,7,MOBO_GP_WeightedUCB,0.394555
exp_mo_1plus1_run3,(1+1)-ES,7,8,MOBO_GP_WeightedUCB,0.417680
exp_mo_1plus1_run3,(1+1)-ES,8,9,MOBO_GP_WeightedUCB,0.422605
exp_mo_1plus1_run3,(1+1)-ES,9,10,MOBO_GP_WeightedUCB,0.392320
exp_mo_1plus1_run3,(1+1)-ES,10,11,MOBO_GP_WeightedUCB,0.407455
exp_mo_1plus1_run3,(1+1)-ES,11,12,MOBO_GP_WeightedUCB,0.360187
exp_mo_1plus1_run3,(1+1)-ES,12,13,MOBO_GP_WeightedUCB,0.451375
exp_mo_1plus1_run3,(1+1)-ES,13,14,MOBO_GP_WeightedUCB,0.451375
exp_mo_1plus1_run3,(1+1)-ES,14,15,MOBO_GP_WeightedUCB,
exp_mo_1plus1_run3,(1+1)-ES,15,16,MOBO_GP_WeightedUCB,0.408141
exp_mo_1plus1_run3,(1+1)-ES,16,17,MOBO_GP_WeightedUCB,0.382801
exp_mo_1plus1_run3,(1+1)-ES,17,18,MOBO_GP_WeightedScalarization,0.359895
exp_mo_1plus1_run3,(1+1)-ES,18,19,MOBO_GP_WeightedUCB,0.412065
exp_mo_1plus1_run3,(1+1)-ES,19,20,MOBO_GP_WeightedUCB,0.387677
exp_mo_1plus1_run3,(1+1)-ES,20,21,MOBO_GP_WeightedUCB,0.437157
exp_mo_1plus1_run3,(1+1)-ES,21,22,MOBO_GP_TchebycheffUCB,0.395917
exp_mo_1plus1_run3,(1+1)-ES,22,23,MOBO_GP_WeightedUCB,0.359083
exp_mo_1plus1_run3,(1+1)-ES,23,24,MOBO_GP_WeightedUCB,0.407986
exp_mo_1plus1_run3,(1+1)-ES,24,25,MOBO_GP_WeightedUCB,0.393495
exp_mo_1plus1_run3,(1+1)-ES,25,26,MOBO_GP_WeightedUCB_Refined,0.416210
exp_mo_1plus1_run3,(1+1)-ES,26,27,MOBO_GP_WeightedUCB,0.393649
exp_mo_1plus1_run3,(1+1)-ES,27,28,MOBO_GP_WeightedUCB,0.380093
exp_mo_1plus1_run3,(1+1)-ES,28,29,MOBO_GP_WSUCB,0.368076
exp_mo_1plus1_run3,(1+1)-ES,29,30,MOBO_GP_WeightedUCB,0.419476
exp_mo_1plus1_run3,(1+1)-ES,30,31,MOBO_GP_DynamicScaledUCB,0.450673
exp_mo_1plus1_run3,(1+1)-ES,31,32,MOBO_GP_WeightedUCB,0.377949
exp_mo_1plus1_run3,(1+1)-ES,32,33,MOBO_GP_WeightedUCB,0.406052
exp_mo_1plus1_run3,(1+1)-ES,33,34,MOBO_GP_WUCB_SlidingWindow,0.383506
exp_mo_1plus1_run3,(1+1)-ES,34,35,MOBO_GP_WeightedUCB,0.395632
exp_mo_1plus1_run3,(1+1)-ES,35,36,MOBO_GP_WeightedUCB,0.404444
exp_mo_1plus1_run3,(1+1)-ES,36,37,MOBO_GP_WeightedUCB,0.410315
exp_mo_1plus1_run3,(1+1)-ES,37,38,MOBO_GP_WeightedUCB,0.385917
exp_mo_1plus1_run3,(1+1)-ES,38,39,MOBO_GP_WeightedUCB,0.371887
exp_mo_1plus1_run3,(1+1)-ES,39,40,MOBO_GP_WeightedUCB,0.393369
exp_mo_1plus1_run3,(1+1)-ES,40,41,MOBO_GP_WeightedUCB,0.365470
exp_mo_1plus1_run3,(1+1)-ES,41,42,MOBO_GP_WeightedUCB,0.397171
exp_mo_1plus1_run3,(1+1)-ES,42,43,MOBO_GP_WeightedUCB,0.364338
exp_mo_1plus1_run3,(1+1)-ES,43,44,MOBO_GP_WeightedUCB_Adaptive,0.404499
exp_mo_1plus1_run3,(1+1)-ES,44,45,MOBO_GP_WeightedUCB,0.377130
exp_mo_1plus1_run3,(1+1)-ES,45,46,MOBO_GP_WeightedUCB,0.416647
exp_mo_1plus1_run3,(1+1)-ES,46,47,MOBO_GP_TchebycheffUCB,0.368986
exp_mo_1plus1_run3,(1+1)-ES,47,48,MOBO_GP_TchebyUCB,0.405459
exp_mo_1plus1_run3,(1+1)-ES,48,49,MOBO_GP_WeightedUCB,0.398574
exp_mo_1plus1_run3,(1+1)-ES,49,50,MOBO_GP_WeightedUCB,0.402281
exp_mo_1plus1_run3,(1+1)-ES,50,51,MOBO_GP_WeightedUCB,0.336936
exp_mo_1plus1_run3,(1+1)-ES,51,52,MOBO_GP_WeightedUCB,0.388027
exp_mo_1plus1_run3,(1+1)-ES,52,53,MOBO_GP_WeightedUCB,0.415373
exp_mo_1plus1_run3,(1+1)-ES,53,54,MOBO_GP_WeightedUCB,0.387607
exp_mo_1plus1_run3,(1+1)-ES,54,55,MOBO_GP_WeightedUCB,0.444105
exp_mo_1plus1_run3,(1+1)-ES,55,56,MOBO_GP_WeightedUCB,0.382639
exp_mo_1plus1_run3,(1+1)-ES,56,57,MOBO_GP_WeightedUCB,0.418208
exp_mo_1plus1_run3,(1+1)-ES,57,58,MOBO_GP_WeightedUCB,0.443434
exp_mo_1plus1_run3,(1+1)-ES,58,59,MOBO_GP_WeightedUCB,0.383446
exp_mo_1plus1_run3,(1+1)-ES,59,60,MOBO_GP_WeightedUCB,0.451375
exp_mo_1plus1_run3,(1+1)-ES,60,61,MOBO_GP_WeightedUCB,0.406616
exp_mo_1plus1_run3,(1+1)-ES,61,62,MOBO_GP_WeightedUCB,0.451375
exp_mo_1plus1_run3,(1+1)-ES,62,63,MOBO_GP_WeightedUCB,0.364768
exp_mo_1plus1_run3,(1+1)-ES,63,64,MOBO_GP_WeightedUCB,0.415125
exp_mo_1plus1_run3,(1+1)-ES,64,65,MOBO_GP_WeightedUCB,0.391937
exp_mo_1plus1_run3,(1+1)-ES,65,66,MOBO_GP_WeightedUCB,0.375090
exp_mo_1plus1_run3,(1+1)-ES,66,67,MOBO_GP_WeightedUCB,0.421679
exp_mo_1plus1_run3,(1+1)-ES,67,68,MOBO_GP_WeightedUCB_Normalized,0.380964
exp_mo_1plus1_run3,(1+1)-ES,68,69,MOBO_GP_WeightedUCB,0.392490
exp_mo_1plus1_run3,(1+1)-ES,69,70,MOBO_GP_WeightedUCB,0.378643
exp_mo_1plus1_run3,(1+1)-ES,70,71,MOBO_GP_WeightedUCB,0.399740
exp_mo_1plus1_run3,(1+1)-ES,71,72,MOBO_GP_WeightedUCB,0.382756
exp_mo_1plus1_run3,(1+1)-ES,72,73,MOBO_GP_WeightedUCB,0.451375
exp_mo_1plus1_run3,(1+1)-ES,73,74,MOBO_GP_WeightedUCB,0.429014
exp_mo_1plus1_run3,(1+1)-ES,74,75,MOBO_GP_WeightedUCB,0.415559
exp_mo_1plus1_run3,(1+1)-ES,75,76,MOBO_GP_WeightedUCB,0.437541
exp_mo_1plus1_run3,(1+1)-ES,76,77,MOBO_GP_WeightedUCB,0.404337
exp_mo_1plus1_run3,(1+1)-ES,77,78,MOBO_GP_WeightedUCB,0.397905
exp_mo_1plus1_run3,(1+1)-ES,78,79,MOBO_GP_WeightedUCB,0.418309
exp_mo_1plus1_run3,(1+1)-ES,79,80,MOBO_GP_AdaptiveUCB,0.361693
exp_mo_1plus1_run3,(1+1)-ES,80,81,MOBO_GP_WeightedUCB,0.418475
exp_mo_1plus1_run3,(1+1)-ES,81,82,MOBO_GP_WeightedUCB,0.422023
exp_mo_1plus1_run3,(1+1)-ES,82,83,MOBO_GP_WeightedUCB,0.405189
exp_mo_1plus1_run3,(1+1)-ES,83,84,MOBO_GP_WeightedUCB,0.406748
exp_mo_1plus1_run3,(1+1)-ES,84,85,MOBO_GP_WeightedUCB,0.347363
exp_mo_1plus1_run3,(1+1)-ES,85,86,MOBO_GP_WeightedUCB,0.409591
exp_mo_1plus1_run3,(1+1)-ES,86,87,MOBO_GP_WeightedUCB,0.387324
exp_mo_1plus1_run3,(1+1)-ES,87,88,MOBO_GP_WeightedUCB_Refined,0.381803
exp_mo_1plus1_run3,(1+1)-ES,88,89,MOBO_GP_WeightedUCB,0.374336
exp_mo_1plus1_run3,(1+1)-ES,89,90,MOBO_GP_WeightedUCB,0.408843
exp_mo_1plus1_run3,(1+1)-ES,90,91,MOBO_GP_WeightedUCB,0.370719
exp_mo_1plus1_run3,(1+1)-ES,91,92,MOBO_GP_WeightedUCB,0.413601
exp_mo_1plus1_run3,(1+1)-ES,92,93,MOBO_GP_WeightedUCB,0.399144
exp_mo_1plus1_run3,(1+1)-ES,93,94,MOBO_GP_WeightedUCB,0.425948
exp_mo_1plus1_run3,(1+1)-ES,94,95,MOBO_GP_WeightedUCB,0.422693
exp_mo_1plus1_run3,(1+1)-ES,95,96,MOBO_GP_WeightedUCB,0.428425
exp_mo_1plus1_run3,(1+1)-ES,96,97,MOBO_GP_WeightedUCB,0.477467
exp_mo_1plus1_run3,(1+1)-ES,97,98,MOBO_GP_WeightedUCB,0.400194
exp_mo_1plus1_run3,(1+1)-ES,98,99,MOBO_GP_WeightedUCB,0.477467
exp_mo_1plus1_run3,(1+1)-ES,99,100,MOBO_GP_WeightedUCB,0.477467
exp_mo_4plus16_run1,(4+16)-ES,0,1,MOBOBayesianOptimization,0.461379
exp_mo_4plus16_run1,(4+16)-ES,0,2,MOBOTchebycheffLCB,0.470202
exp_mo_4plus16_run1,(4+16)-ES,0,3,MOBORandomForestMOLCB,0.464257
exp_mo_4plus16_run1,(4+16)-ES,0,4,MOBOExtraTreesDistanceEI,0.429552
exp_mo_4plus16_run1,(4+16)-ES,1,5,MOBOExtraTreesTchebycheffLCB,0.408988
exp_mo_4plus16_run1,(4+16)-ES,1,6,MOBOBayesianOptimization,0.456874
exp_mo_4plus16_run1,(4+16)-ES,1,7,MOBORandomForestMOLCB,0.456224
exp_mo_4plus16_run1,(4+16)-ES,1,8,MOBOGPRTchebycheffLCB,0.423417
exp_mo_4plus16_run1,(4+16)-ES,1,9,MOBOGaussianProcessWSEI,
exp_mo_4plus16_run1,(4+16)-ES,1,10,MOBOExtraTreesMOLCB,0.448966
exp_mo_4plus16_run1,(4+16)-ES,1,11,MOBOBayesianWSEI,0.396271
exp_mo_4plus16_run1,(4+16)-ES,1,12,MOBOExtraTreesTchebycheffLCB,0.445109
exp_mo_4plus16_run1,(4+16)-ES,1,13,MOBOHypervolumeTchebycheffLCB,0.439751
exp_mo_4plus16_run1,(4+16)-ES,1,14,MOBOExtraTreesDistanceEI,0.429992
exp_mo_4plus16_run1,(4+16)-ES,1,15,MOBOBayesianOptimization,0.463383
exp_mo_4plus16_run1,(4+16)-ES,1,16,MOBOGaussianProcessTchebycheff,0.457030
exp_mo_4plus16_run1,(4+16)-ES,1,17,MOBORandomForestParEGO,0.501628
exp_mo_4plus16_run1,(4+16)-ES,1,18,MOBOGaussianProcessWSEI,0.484023
exp_mo_4plus16_run1,(4+16)-ES,1,19,MOBORandomForestWeightedLCB,0.434129
exp_mo_4plus16_run1,(4+16)-ES,1,20,MOBOGaussianProcessWSEI,0.465353
exp_mo_4plus16_run1,(4+16)-ES,2,21,MOBOGPWeightedScalarization,0.472808
exp_mo_4plus16_run1,(4+16)-ES,2,22,MOBOGPAdaptiveWSEI,0.335251
exp_mo_4plus16_run1,(4+16)-ES,2,23,MOBORandomForestWSEI,0.388563
exp_mo_4plus16_run1,(4+16)-ES,2,24,MOBOGaussianProcessParEGO,0.461584
exp_mo_4plus16_run1,(4+16)-ES,2,25,MOBOGaussianProcessWSEI,0.477361
exp_mo_4plus16_run1,(4+16)-ES,2,26,MOBORFRandomParEGO,0.347127
exp_mo_4plus16_run1,(4+16)-ES,2,27,MOBOGaussianProcessParEGO,0.457711
exp_mo_4plus16_run1,(4+16)-ES,2,28,MOBOTchebycheffLCB,0.446399
exp_mo_4plus16_run1,(4+16)-ES,2,29,MOBOFastRF_WSEI,0.452842
exp_mo_4plus16_run1,(4+16)-ES,2,30,MOBOGaussianProcessWSEI,0.483150
exp_mo_4plus16_run1,(4+16)-ES,2,31,MOBORandomForestParEGOEfficientBatch,0.457225
exp_mo_4plus16_run1,(4+16)-ES,2,32,MOBOGaussianProcessWSEI,0.470565
exp_mo_4plus16_run1,(4+16)-ES,2,33,MOBOTchebycheffLCB_Refined,0.458007
exp_mo_4plus16_run1,(4+16)-ES,2,34,MOBOGaussianProcessWSEI,0.315769
exp_mo_4plus16_run1,(4+16)-ES,2,35,MOBOGaussianProcessWSEI,0.473939
exp_mo_4plus16_run1,(4+16)-ES,2,36,MOBOGaussianProcessESM,0.452056
exp_mo_4plus16_run1,(4+16)-ES,3,37,MOBOGaussianProcessWSEI,0.445159
exp_mo_4plus16_run1,(4+16)-ES,3,38,MOBOGaussianProcessWSEI,0.460502
exp_mo_4plus16_run1,(4+16)-ES,3,39,MOBOGaussianProcessWSEI,0.472756
exp_mo_4plus16_run1,(4+16)-ES,3,40,MOBOGaussianProcessWSEIRuntimeOptimized,0.468325
exp_mo_4plus16_run1,(4+16)-ES,3,41,MOBOGaussianProcessWSEI,0.337881
exp_mo_4plus16_run1,(4+16)-ES,3,42,MOBORandomForestParEGO,0.353481
exp_mo_4plus16_run1,(4+16)-ES,3,43,MOBOGaussianProcessWSEI,0.467925
exp_mo_4plus16_run1,(4+16)-ES,3,44,MOBORandomForestParEGO,0.461461
exp_mo_4plus16_run1,(4+16)-ES,3,45,MOBOGPBudgetWSEI,0.472212
exp_mo_4plus16_run1,(4+16)-ES,3,46,MOBORandomForestWSEI,0.373135
exp_mo_4plus16_run1,(4+16)-ES,3,47,MOBOEfficientEnsembleEI,0.298684
exp_mo_4plus16_run1,(4+16)-ES,3,48,MOBOGaussianProcessWSEI,0.454922
exp_mo_4plus16_run1,(4+16)-ES,3,49,MOBOGaussianProcessWSEIRefined,0.459147
exp_mo_4plus16_run1,(4+16)-ES,3,50,MOBOGaussianProcessWSEI_Refined,0.348263
exp_mo_4plus16_run1,(4+16)-ES,3,51,MOBOGaussianProcessWSEI,0.483150
exp_mo_4plus16_run1,(4+16)-ES,3,52,MOBORandomForestParEGO,0.444732
exp_mo_4plus16_run1,(4+16)-ES,4,53,MOBOGaussianProcessWSEI,0.443264
exp_mo_4plus16_run1,(4+16)-ES,4,54,MOBOGaussianProcessWSEI_Refined,0.483150
exp_mo_4plus16_run1,(4+16)-ES,4,55,MOBOGaussianProcessWSEI,0.472687
exp_mo_4plus16_run1,(4+16)-ES,4,56,MOBOGaussianProcessWSEI,0.483150
exp_mo_4plus16_run1,(4+16)-ES,4,57,MOBORandomForestWSEI,0.428443
exp_mo_4plus16_run1,(4+16)-ES,4,58,MOBOGaussianProcessWSEI,
exp_mo_4plus16_run1,(4+16)-ES,4,59,MOBOGaussianProcessWSEI,0.481384
exp_mo_4plus16_run1,(4+16)-ES,4,60,MOBORandomForestWSEI,0.405602
exp_mo_4plus16_run1,(4+16)-ES,4,61,MOBORandomForestWTCB,0.440567
exp_mo_4plus16_run1,(4+16)-ES,4,62,MOBOGaussianProcessWSEI,0.483150
exp_mo_4plus16_run1,(4+16)-ES,4,63,MOBOGaussianProcessWSEI,0.483150
exp_mo_4plus16_run1,(4+16)-ES,4,64,MOBOGaussianProcessWSEIRefined,0.463864
exp_mo_4plus16_run1,(4+16)-ES,4,65,MOBOGaussianProcessParEGO,0.465633
exp_mo_4plus16_run1,(4+16)-ES,4,66,MOBORandomForestParEGO,0.351638
exp_mo_4plus16_run1,(4+16)-ES,4,67,MOBOGaussianProcessWSEI,0.483150
exp_mo_4plus16_run1,(4+16)-ES,4,68,MOBORandomForestParEGOEfficient,0.357994
exp_mo_4plus16_run1,(4+16)-ES,5,69,MOBOGP_RobustWSEI,0.463926
exp_mo_4plus16_run1,(4+16)-ES,5,70,MOBOGaussianProcessWSEI,0.454974
exp_mo_4plus16_run1,(4+16)-ES,5,71,MOBOGaussianProcessWSEI_Refined,0.458859
exp_mo_4plus16_run1,(4+16)-ES,5,72,MOBOGaussianProcessWSEI,0.426950
exp_mo_4plus16_run1,(4+16)-ES,5,73,MOBORandomForestParEGO,0.501628
exp_mo_4plus16_run1,(4+16)-ES,5,74,MOBOGaussianProcessWSEI_Refined,0.504688
exp_mo_4plus16_run1,(4+16)-ES,5,75,MOBOGaussianProcessWSEI_Refined,0.483150
exp_mo_4plus16_run1,(4+16)-ES,5,76,MOBOGaussianProcessWSEI,0.487452
exp_mo_4plus16_run1,(4+16)-ES,5,77,MOBOGaussianProcessParEGO,0.437436
exp_mo_4plus16_run1,(4+16)-ES,5,78,MOBORandomForestParEGO_Batch,0.490080
exp_mo_4plus16_run1,(4+16)-ES,5,79,MOBOGaussianProcessWSEI_SMACtuned,0.445049
exp_mo_4plus16_run1,(4+16)-ES,5,80,MOBOGaussianProcessWSEI_Refined,0.432774
exp_mo_4plus16_run1,(4+16)-ES,5,81,MOBORandomForestParEGOOptimized,
exp_mo_4plus16_run1,(4+16)-ES,5,82,MOBOGaussianProcessWSEI,0.483150
exp_mo_4plus16_run1,(4+16)-ES,5,83,MOBOGaussianProcessWSEI_Refined,0.456807
exp_mo_4plus16_run1,(4+16)-ES,5,84,MOBOGaussianProcessParEGO,0.482465
exp_mo_4plus16_run1,(4+16)-ES,6,85,MOBORandomForestParEGO_Efficient,0.471923
exp_mo_4plus16_run1,(4+16)-ES,6,86,MOBORandomForestParEGO_Refined,0.465809
exp_mo_4plus16_run1,(4+16)-ES,6,87,MOBORandomForestParEGO_Robust,0.502278
exp_mo_4plus16_run1,(4+16)-ES,6,88,MOBORandomForestParEGO,0.462706
exp_mo_4plus16_run1,(4+16)-ES,6,89,MOBORandomForestParEGO_Refined,0.424493
exp_mo_4plus16_run1,(4+16)-ES,6,90,MOBORandomForestParEGO,0.471294
exp_mo_4plus16_run1,(4+16)-ES,6,91,MOBOGaussianProcessWSEI_FastRefined,0.451959
exp_mo_4plus16_run1,(4+16)-ES,6,92,MOBORandomForestParEGO_Batch_Refined,0.515780
exp_mo_4plus16_run1,(4+16)-ES,6,93,MOBOImprovedParEGO,0.462960
exp_mo_4plus16_run1,(4+16)-ES,6,94,MOBORandomForestParEGO_Refined,0.492119
exp_mo_4plus16_run1,(4+16)-ES,6,95,MOBORandomForestWTLB,0.479122
exp_mo_4plus16_run1,(4+16)-ES,6,96,MOBOGPImprovedWSEI,0.455479
exp_mo_4plus16_run1,(4+16)-ES,6,97,MOBORandomForestParEGO_RefinedBatch,0.495073
exp_mo_4plus16_run1,(4+16)-ES,6,98,MOBORandomForestParEGO,0.419759
exp_mo_4plus16_run1,(4+16)-ES,6,99,MOBORandomForestParEGO_RefinedBatch,0.408704
exp_mo_4plus16_run1,(4+16)-ES,6,100,MOBORandomForestParEGO_Refined,0.514786
exp_mo_4plus16_run2,(4+16)-ES,0,1,MOBOWeightedSumEI,0.461817
exp_mo_4plus16_run2,(4+16)-ES,0,2,MOBOTchebycheffEI,
exp_mo_4plus16_run2,(4+16)-ES,0,3,MOBOMultiObjectiveUCB,0.510125
exp_mo_4plus16_run2,(4+16)-ES,0,4,MOBOEvolutionaryAcquisition,0.484602
exp_mo_4plus16_run2,(4+16)-ES,1,5,MOBOTchebycheffMCEI,0.538813
exp_mo_4plus16_run2,(4+16)-ES,1,6,MOBOTchebycheffEI,0.523020
exp_mo_4plus16_run2,(4+16)-ES,1,7,MOBOWeightedSumEI,0.484681
exp_mo_4plus16_run2,(4+16)-ES,1,8,MOBOParegoEI,0.495761
exp_mo_4plus16_run2,(4+16)-ES,1,9,MOBOEvolutionaryWeightedEI,0.556889
exp_mo_4plus16_run2,(4+16)-ES,1,10,MOBOTchebycheffMC_EI,0.581095
exp_mo_4plus16_run2,(4+16)-ES,1,11,MOBODiversityTchebycheffEI,0.456357
exp_mo_4plus16_run2,(4+16)-ES,1,12,MOBOMultiObjectiveUCB,0.475659
exp_mo_4plus16_run2,(4+16)-ES,1,13,MOBOUCBIncrementalPF,0.440594
exp_mo_4plus16_run2,(4+16)-ES,1,14,MOBOTchebycheffEI,0.486350
exp_mo_4plus16_run2,(4+16)-ES,1,15,MOBOEvolutionaryWeightedPI,0.435511
exp_mo_4plus16_run2,(4+16)-ES,1,16,MOBOWeightedSumEIRefinedGP,0.465232
exp_mo_4plus16_run2,(4+16)-ES,1,17,MOBOHybridTchebycheffEI,0.503050
exp_mo_4plus16_run2,(4+16)-ES,1,18,MOBOTchebycheffEAEA,0.513237
exp_mo_4plus16_run2,(4+16)-ES,1,19,MOBOEvolutionaryESI,0.585083
exp_mo_4plus16_run2,(4+16)-ES,1,20,MOBOEnhancedEA,0.476820
exp_mo_4plus16_run2,(4+16)-ES,2,21,MOBOWSEI,
exp_mo_4plus16_run2,(4+16)-ES,2,22,MOBOTchebycheffMCEI,0.474571
exp_mo_4plus16_run2,(4+16)-ES,2,23,MOBOEvolutionaryEIRefined,0.625091
exp_mo_4plus16_run2,(4+16)-ES,2,24,MOBOTchebycheffVMC_EI,0.506325
exp_mo_4plus16_run2,(4+16)-ES,2,25,MOBOTchebycheffEvolutionaryEI,0.533927
exp_mo_4plus16_run2,(4+16)-ES,2,26,MOBOTchebycheffMC_EI,0.519873
exp_mo_4plus16_run2,(4+16)-ES,2,27,MOBOEvolutionaryESIImproved,0.555341
exp_mo_4plus16_run2,(4+16)-ES,2,28,MOBOTchebycheffMCEIImproved,0.475469
exp_mo_4plus16_run2,(4+16)-ES,2,29,MOBOWeightedESI,0.472289
exp_mo_4plus16_run2,(4+16)-ES,2,30,MOBOEvolutionaryWeightedEIFast,0.482428
exp_mo_4plus16_run2,(4+16)-ES,2,31,MOBOTchebycheffMC_EI,0.481934
exp_mo_4plus16_run2,(4+16)-ES,2,32,MOBOEvolutionaryEHVI,0.560005
exp_mo_4plus16_run2,(4+16)-ES,2,33,MOBOEvolutionaryESIVec,0.618773
exp_mo_4plus16_run2,(4+16)-ES,2,34,MOBOSurrogateMC,0.638500
exp_mo_4plus16_run2,(4+16)-ES,2,35,MOBOTchebycheffMCEAEI,0.500092
exp_mo_4plus16_run2,(4+16)-ES,2,36,MOBOTchebycheffMCEI,0.463699
exp_mo_4plus16_run2,(4+16)-ES,3,37,MOBOHypervector,0.565995
exp_mo_4plus16_run2,(4+16)-ES,3,38,MOBOEvolutionaryExpectedScalarizedImprovement,0.518383
exp_mo_4plus16_run2,(4+16)-ES,3,39,MOBOEvolutionaryESIImproved,0.506780
exp_mo_4plus16_run2,(4+16)-ES,3,40,MOBOEvolutionaryESIImprovedEA,0.664194
exp_mo_4plus16_run2,(4+16)-ES,3,41,MOBOEvolutionaryEIRefined,0.519503
exp_mo_4plus16_run2,(4+16)-ES,3,42,MOBOEvolutionaryMaxESI,0.501340
exp_mo_4plus16_run2,(4+16)-ES,3,43,MOBOImprovedTchebycheff,0.594936
exp_mo_4plus16_run2,(4+16)-ES,3,44,MOBOSurrogateMC,0.502865
exp_mo_4plus16_run2,(4+16)-ES,3,45,MOBOEvolutionaryESIImproved,0.508862
exp_mo_4plus16_run2,(4+16)-ES,3,46,MOBOEvolutionaryTchebyEI,0.491754
exp_mo_4plus16_run2,(4+16)-ES,3,47,MOBOEvolutionaryTchebycheffEI,0.494290
exp_mo_4plus16_run2,(4+16)-ES,3,48,MOBOEvolutionaryRobustESI,0.560335
exp_mo_4plus16_run2,(4+16)-ES,3,49,MOBOEvolutionaryMaxWeightedEI,0.521080
exp_mo_4plus16_run2,(4+16)-ES,3,50,MOBOEvolutionaryESIVecRefined,0.533055
exp_mo_4plus16_run2,(4+16)-ES,3,51,MOBOEvolutionaryMaxESI,0.660114
exp_mo_4plus16_run2,(4+16)-ES,3,52,MOBOSimplexWeightedEI,0.470141
exp_mo_4plus16_run2,(4+16)-ES,4,53,MOBOHybridTchebyEI,0.501712
exp_mo_4plus16_run2,(4+16)-ES,4,54,MOBOEvolutionaryEnhancedMaxEI,0.650571
exp_mo_4plus16_run2,(4+16)-ES,4,55,MOBOEvolutionaryMultiDirectionalEI,0.526243
exp_mo_4plus16_run2,(4+16)-ES,4,56,MOBOSurrogateVectorizedEI,0.589476
exp_mo_4plus16_run2,(4+16)-ES,4,57,MOBOHybridMaxESI,0.556283
exp_mo_4plus16_run2,(4+16)-ES,4,58,MOBOImprovedScalarizedEI,0.698114
exp_mo_4plus16_run2,(4+16)-ES,4,59,MOBOEnhancedEAESI,0.624426
exp_mo_4plus16_run2,(4+16)-ES,4,60,MOBOScaledMaxESI,0.638613
exp_mo_4plus16_run2,(4+16)-ES,4,61,MOBOHybridAcquisitionEI,0.606829
exp_mo_4plus16_run2,(4+16)-ES,4,62,MOBOEvolutionaryMaxESI_Optimized,0.683658
exp_mo_4plus16_run2,(4+16)-ES,4,63,MOBOHybridMaxESI,0.626661
exp_mo_4plus16_run2,(4+16)-ES,4,64,MOBOScalableEvolutionaryEI,0.587943
exp_mo_4plus16_run2,(4+16)-ES,4,65,MOBOImprovedTchebycheff,0.585951
exp_mo_4plus16_run2,(4+16)-ES,4,66,MOBOEvolutionaryMaxESIElite,0.688413
exp_mo_4plus16_run2,(4+16)-ES,4,67,MOBOHybridTchebycheffEI,0.506903
exp_mo_4plus16_run2,(4+16)-ES,4,68,MOBOEvolutionaryMaxESI,0.689529
exp_mo_4plus16_run2,(4+16)-ES,5,69,MOBOEvolutionaryMaxESI_Hybrid,0.110977
exp_mo_4plus16_run2,(4+16)-ES,5,70,MOBOHybridMaxESI,0.665945
exp_mo_4plus16_run2,(4+16)-ES,5,71,MOBOEvolutionaryMaxESIElite,0.588009
exp_mo_4plus16_run2,(4+16)-ES,5,72,MOBOAdaptiveESI,0.629261
exp_mo_4plus16_run2,(4+16)-ES,5,73,MOBOEvolutionaryMaxESI_Refined,0.649523
exp_mo_4plus16_run2,(4+16)-ES,5,74,MOBOImprovedScalarizedEI,0.626910
exp_mo_4plus16_run2,(4+16)-ES,5,75,MOBOEvolutionaryMaxESI_AdaptiveGP,0.598209
exp_mo_4plus16_run2,(4+16)-ES,5,76,MOBOEvolutionaryMaxESI_Swift,0.592900
exp_mo_4plus16_run2,(4+16)-ES,5,77,MOBOEvolutionaryMaxESIElite,0.642597
exp_mo_4plus16_run2,(4+16)-ES,5,78,MOBOEfficientMaxESI,0.678513
exp_mo_4plus16_run2,(4+16)-ES,5,79,MOBOEvolutionaryMaxESI_Fast,0.649738
exp_mo_4plus16_run2,(4+16)-ES,5,80,MOBOEfficientMaxESI,0.650684
exp_mo_4plus16_run2,(4+16)-ES,5,81,MOBOEvolutionaryMaxESIFast,0.631956
exp_mo_4plus16_run2,(4+16)-ES,5,82,MOBOEvolutionaryMaxESI,0.683976
exp_mo_4plus16_run2,(4+16)-ES,5,83,MOBOEvolutionaryMaxScalarized,0.604436
exp_mo_4plus16_run2,(4+16)-ES,5,84,MOBOImprovedScalarizedEI_Fast,0.663768
exp_mo_4plus16_run2,(4+16)-ES,6,85,MOBOEvolutionaryMaxESIRobust,0.650929
exp_mo_4plus16_run2,(4+16)-ES,6,86,MOBOEvolutionaryMaxESITuned,0.668430
exp_mo_4plus16_run2,(4+16)-ES,6,87,MOBOEvolutionaryMaxESI,
exp_mo_4plus16_run2,(4+16)-ES,6,88,MOBOEvolutionaryMaxESIPro,0.627855
exp_mo_4plus16_run2,(4+16)-ES,6,89,MOBOEvolutionaryMaxESIElite,0.562085
exp_mo_4plus16_run2,(4+16)-ES,6,90,MOBOEvolutionaryMaxESI,0.622441
exp_mo_4plus16_run2,(4+16)-ES,6,91,MOBOImprovedScalarizedEI,
exp_mo_4plus16_run2,(4+16)-ES,6,92,MOBOEfficientMaxESI,0.625696
exp_mo_4plus16_run2,(4+16)-ES,6,93,MOBOEvolutionaryMaxESI,0.609308
exp_mo_4plus16_run2,(4+16)-ES,6,94,MOBOEvolutionaryHybridESI,0.669848
exp_mo_4plus16_run2,(4+16)-ES,6,95,MOBOEvolutionaryMaxESI,0.647963
exp_mo_4plus16_run2,(4+16)-ES,6,96,MOBOEvolutionaryMaxESIElite,0.667674
exp_mo_4plus16_run2,(4+16)-ES,6,97,MOBOEvolutionaryMaxESI,0.666033
exp_mo_4plus16_run2,(4+16)-ES,6,98,MOBOEfficientMaxESI,0.634764
exp_mo_4plus16_run2,(4+16)-ES,6,99,MOBOEvolutionaryMaxESI,0.683976
exp_mo_4plus16_run2,(4+16)-ES,6,100,MOBOEfficientESI,0.594460
exp_mo_4plus16_run3,(4+16)-ES,0,1,MOBOSurrogateHypervolume,0.444154
exp_mo_4plus16_run3,(4+16)-ES,0,2,MOBOGPWeightedSumUCB,0.496240
exp_mo_4plus16_run3,(4+16)-ES,0,3,MOBOKNN_PBI_CD,0.488503
exp_mo_4plus16_run3,(4+16)-ES,0,4,MOBOLinearEnsembleEHVI,0.474241
exp_mo_4plus16_run3,(4+16)-ES,1,5,MOBOForestEHVI,0.469573
exp_mo_4plus16_run3,(4+16)-ES,1,6,MOBOSurrogateHypervolume,0.383343
exp_mo_4plus16_run3,(4+16)-ES,1,7,MOBORandomForestEHVI,0.469113
exp_mo_4plus16_run3,(4+16)-ES,1,8,MOBOKNN_PBI_UCB,0.482539
exp_mo_4plus16_run3,(4+16)-ES,1,9,MOBOKNN_PBI_CD,0.423135
exp_mo_4plus16_run3,(4+16)-ES,1,10,MOBORBF_TCH_UCB,0.483915
exp_mo_4plus16_run3,(4+16)-ES,1,11,MOBOGPParEGO,0.456577
exp_mo_4plus16_run3,(4+16)-ES,1,12,MOBOGPWeightedSumUCB,0.422707
exp_mo_4plus16_run3,(4+16)-ES,1,13,MOBORandomForestWeightedSumUCB,0.423805
exp_mo_4plus16_run3,(4+16)-ES,1,14,MOBOKNNDiversity,0.478752
exp_mo_4plus16_run3,(4+16)-ES,1,15,MOBOHypervolumeEnsemble,0.442947
exp_mo_4plus16_run3,(4+16)-ES,1,16,MOBORandomForestPBI_CD,0.487675
exp_mo_4plus16_run3,(4+16)-ES,1,17,MOBORobustScalarization,0.429747
exp_mo_4plus16_run3,(4+16)-ES,1,18,MOBO_GP_Tchebycheff_UCB,0.413679
exp_mo_4plus16_run3,(4+16)-ES,1,19,MOBOGPEHVI,0.429683
exp_mo_4plus16_run3,(4+16)-ES,1,20,MOBOSurrogateHypervolume,0.402243
exp_mo_4plus16_run3,(4+16)-ES,2,21,MOBORBF_TCH_UCB,0.470984
exp_mo_4plus16_run3,(4+16)-ES,2,22,MOBOGP_PBI_CD,0.443385
exp_mo_4plus16_run3,(4+16)-ES,2,23,MOBOGP_PBI_CD,0.466289
exp_mo_4plus16_run3,(4+16)-ES,2,24,MOBORFR_PBI_CD,
exp_mo_4plus16_run3,(4+16)-ES,2,25,MOBORandomForestPBI_CD,0.487675
exp_mo_4plus16_run3,(4+16)-ES,2,26,MOBOTchebycheffGP,0.471325
exp_mo_4plus16_run3,(4+16)-ES,2,27,MOBOGP_PBI_CD,0.412032
exp_mo_4plus16_run3,(4+16)-ES,2,28,MOBOKNN_PBI_CD,0.479894
exp_mo_4plus16_run3,(4+16)-ES,2,29,MOBOGPWeightedSumUCB,0.445268
exp_mo_4plus16_run3,(4+16)-ES,2,30,MOBOGP_PBI_UCB,0.449523
exp_mo_4plus16_run3,(4+16)-ES,2,31,MOBOGP_PBI_CD,0.450259
exp_mo_4plus16_run3,(4+16)-ES,2,32,MOBORBF_TCH_UCB,0.467618
exp_mo_4plus16_run3,(4+16)-ES,2,33,MOBOGP_TCH_CD,0.401797
exp_mo_4plus16_run3,(4+16)-ES,2,34,MOBORandomForestPBI_CD,0.489093
exp_mo_4plus16_run3,(4+16)-ES,2,35,MOBOKNNScaledPBI_CD,0.464965
exp_mo_4plus16_run3,(4+16)-ES,2,36,MOBOGP_WS_UCB_Matern,0.414870
exp_mo_4plus16_run3,(4+16)-ES,3,37,MOBOImprovedKNN_PBI_CD,0.433665
exp_mo_4plus16_run3,(4+16)-ES,3,38,MOBORandomForestPBI_CD,0.463397
exp_mo_4plus16_run3,(4+16)-ES,3,39,MOBOKNN_PBI_CD_Fast,0.443807
exp_mo_4plus16_run3,(4+16)-ES,3,40,MOBORandomForestLCBPBI_CD,0.510961
exp_mo_4plus16_run3,(4+16)-ES,3,41,MOBOGP_PBI_LCB_CD,0.428657
exp_mo_4plus16_run3,(4+16)-ES,3,42,MOBORandomForestPBI_CD,0.421997
exp_mo_4plus16_run3,(4+16)-ES,3,43,MOBOGPWeightedSumUCBImproved,0.457148
exp_mo_4plus16_run3,(4+16)-ES,3,44,MOBORandomForestPBICD,0.491376
exp_mo_4plus16_run3,(4+16)-ES,3,45,MOBOGPUCB_CD,0.434278
exp_mo_4plus16_run3,(4+16)-ES,3,46,MOBOGP_PBI_UCB,0.476656
exp_mo_4plus16_run3,(4+16)-ES,3,47,MOBOGP_PBI_CD,0.414962
exp_mo_4plus16_run3,(4+16)-ES,3,48,MOBORFR_PBI_CD,0.442545
exp_mo_4plus16_run3,(4+16)-ES,3,49,MOBORandomForestPBI_CD,0.443224
exp_mo_4plus16_run3,(4+16)-ES,3,50,MOBOKNN_PBI_CD,0.450658
exp_mo_4plus16_run3,(4+16)-ES,3,51,MOBORandomForestPBI_CD,0.437371
exp_mo_4plus16_run3,(4+16)-ES,3,52,MOBORandomForestLCBPBI_CD,0.529461
exp_mo_4plus16_run3,(4+16)-ES,4,53,MOBORandomForestPBISigma,0.468679
exp_mo_4plus16_run3,(4+16)-ES,4,54,MOBORandomForestPBICD,0.499250
exp_mo_4plus16_run3,(4+16)-ES,4,55,MOBOGPWSUCBFast,0.447443
exp_mo_4plus16_run3,(4+16)-ES,4,56,MOBORandomForestPBI_LCB_CD,0.471163
exp_mo_4plus16_run3,(4+16)-ES,4,57,MOBORandomForestLCBPBI_CD,0.496377
exp_mo_4plus16_run3,(4+16)-ES,4,58,MOBORandomForestLCBPBI_CD,0.455650
exp_mo_4plus16_run3,(4+16)-ES,4,59,MOBORandomForestPBI_CD,0.467404
exp_mo_4plus16_run3,(4+16)-ES,4,60,MOBORandomForestPBICD_Fast,0.411489
exp_mo_4plus16_run3,(4+16)-ES,4,61,MOBORandomForestLCBPBI_CD_Fast,0.461351
exp_mo_4plus16_run3,(4+16)-ES,4,62,MOBORandomForestPBIDensity,0.474846
exp_mo_4plus16_run3,(4+16)-ES,4,63,MOBORandomForestLCBPBI_CD_Efficient,0.470822
exp_mo_4plus16_run3,(4+16)-ES,4,64,MOBOExtraTreesPBIUCB,0.441967
exp_mo_4plus16_run3,(4+16)-ES,4,65,MOBOGPUCBImproved,0.487486
exp_mo_4plus16_run3,(4+16)-ES,4,66,MOBORandomForestPBI_LCBCD_Refined,0.455318
exp_mo_4plus16_run3,(4+16)-ES,4,67,MOBORandomForestPBI_CD,0.516993
exp_mo_4plus16_run3,(4+16)-ES,4,68,MOBORandomForestLCBPBI_CD_Refined,0.420527
exp_mo_4plus16_run3,(4+16)-ES,5,69,MOBORandomForestPBI_LCBCD,0.489881
exp_mo_4plus16_run3,(4+16)-ES,5,70,MOBORandomForestPBICD,0.405901
exp_mo_4plus16_run3,(4+16)-ES,5,71,MOBORandomForestLCBPBICD,0.490298
exp_mo_4plus16_run3,(4+16)-ES,5,72,MOBORandomForestLCBPBI_CD,0.510961
exp_mo_4plus16_run3,(4+16)-ES,5,73,MOBORandomForestPBIExplorer,0.462111
exp_mo_4plus16_run3,(4+16)-ES,5,74,MOBORandomForestLCBPBI_CD_Refined,0.473164
exp_mo_4plus16_run3,(4+16)-ES,5,75,MOBORandomForestLCBPBICD,0.468979
exp_mo_4plus16_run3,(4+16)-ES,5,76,MOBORandomForestLCBPBI_CD,0.529461
exp_mo_4plus16_run3,(4+16)-ES,5,77,MOBORandomForestPBI_CD,
exp_mo_4plus16_run3,(4+16)-ES,5,78,MOBORandomForestLCBPBI_CD,0.448759
exp_mo_4plus16_run3,(4+16)-ES,5,79,MOBORandomForestPBIHybrid,0.422731
exp_mo_4plus16_run3,(4+16)-ES,5,80,MOBORFRandomizedPBI_CD,0.486079
exp_mo_4plus16_run3,(4+16)-ES,5,81,MOBORandomForestLCBPBI_CD,0.493482
exp_mo_4plus16_run3,(4+16)-ES,5,82,MOBORandomForestPBICD,0.449123
exp_mo_4plus16_run3,(4+16)-ES,5,83,MOBORandomForestHybridPBI,0.481563
exp_mo_4plus16_run3,(4+16)-ES,5,84,MOBORandomForestLCBPBI_CD,0.449839
exp_mo_4plus16_run3,(4+16)-ES,6,85,MOBORandomForestLCBPBI_CD,0.468644
exp_mo_4plus16_run3,(4+16)-ES,6,86,MOBORandomForestLCBPBI_BatchCD,0.469817
exp_mo_4plus16_run3,(4+16)-ES,6,87,MOBORandomForestLCBPBI_CD,0.447554
exp_mo_4plus16_run3,(4+16)-ES,6,88,MOBORandomForestPBI_CD,0.428727
exp_mo_4plus16_run3,(4+16)-ES,6,89,MOBORFLCB_PBI_CD,0.449061
exp_mo_4plus16_run3,(4+16)-ES,6,90,MOBORandomForestLCBPBI_CD,0.440543
exp_mo_4plus16_run3,(4+16)-ES,6,91,MOBORandomForestPBI_CD_Refined,0.485354
exp_mo_4plus16_run3,(4+16)-ES,6,92,MOBORandomForestLCBPBI_CD,0.427252
exp_mo_4plus16_run3,(4+16)-ES,6,93,MOBORandomForestLCBPBI_CD,0.495936
exp_mo_4plus16_run3,(4+16)-ES,6,94,MOBORandomForestLCBPBI_CD,0.510961
exp_mo_4plus16_run3,(4+16)-ES,6,95,MOBORandomForestLCBPBI_CD,0.447023
exp_mo_4plus16_run3,(4+16)-ES,6,96,MOBORandomForestLCBPBI_CD,0.464177
exp_mo_4plus16_run3,(4+16)-ES,6,97,MOBORandomForestPBI_CD_Optimized,0.434123
exp_mo_4plus16_run3,(4+16)-ES,6,98,MOBORandomForestLCBPBI_CD,0.493215
exp_mo_4plus16_run3,(4+16)-ES,6,99,MOBORandomForestPBI_CD,0.451158
exp_mo_4plus16_run3,(4+16)-ES,6,100,MOBORandomForestLCBPBI_CD,0.473933
exp_mo_8comma16_run1,"(8,16)-ES",0,1,MOBOESurrogate,
exp_mo_8comma16_run1,"(8,16)-ES",0,2,MOBOATLCB,0.347015
exp_mo_8comma16_run1,"(8,16)-ES",0,3,MOBOWEI,0.468920
exp_mo_8comma16_run1,"(8,16)-ES",0,4,MOBORFWSC,0.306492
exp_mo_8comma16_run1,"(8,16)-ES",0,5,MOBONPoI,0.383845
exp_mo_8comma16_run1,"(8,16)-ES",0,6,MOBOEGBEI,0.348378
exp_mo_8comma16_run1,"(8,16)-ES",0,7,MOBOETWSMEI,0.476630
exp_mo_8comma16_run1,"(8,16)-ES",0,8,MOBOKNNWDA,0.334717
exp_mo_8comma16_run1,"(8,16)-ES",1,9,MOBOTchebyGP,0.469298
exp_mo_8comma16_run1,"(8,16)-ES",1,10,MOBOHybridAcq,0.472210
exp_mo_8comma16_run1,"(8,16)-ES",1,11,MOBOTCHEI,
exp_mo_8comma16_run1,"(8,16)-ES",1,12,MOBOESurrogate,0.423757
exp_mo_8comma16_run1,"(8,16)-ES",1,13,MOBORFWSC,0.307904
exp_mo_8comma16_run1,"(8,16)-ES",1,14,MOBOKNNWDA,0.425469
exp_mo_8comma16_run1,"(8,16)-ES",1,15,MOBOATLCB,0.425519
exp_mo_8comma16_run1,"(8,16)-ES",1,16,MOBOEGBEI,0.353123
exp_mo_8comma16_run1,"(8,16)-ES",1,17,MOBOATLCB,0.347015
exp_mo_8comma16_run1,"(8,16)-ES",1,18,MOBOFASTGPAT,0.343065
exp_mo_8comma16_run1,"(8,16)-ES",1,19,MOBOATWDA,0.338745
exp_mo_8comma16_run1,"(8,16)-ES",1,20,MOBOEGBWEICPF,0.359515
exp_mo_8comma16_run1,"(8,16)-ES",1,21,MOBONPoI_Refined,0.301545
exp_mo_8comma16_run1,"(8,16)-ES",1,22,MOBOWEIOK,0.354049
exp_mo_8comma16_run1,"(8,16)-ES",1,23,MOBOEGBWEICPF,0.347308
exp_mo_8comma16_run1,"(8,16)-ES",1,24,MOBORFEID,0.463581
exp_mo_8comma16_run1,"(8,16)-ES",2,25,MOBOEGBWEIOpt,0.351373
exp_mo_8comma16_run1,"(8,16)-ES",2,26,MOBOScaledLCB,0.340378
exp_mo_8comma16_run1,"(8,16)-ES",2,27,MOBOImprovedGP,0.446616
exp_mo_8comma16_run1,"(8,16)-ES",2,28,MOBOGPWDA,0.325914
exp_mo_8comma16_run1,"(8,16)-ES",2,29,MOBOWEIOKPlus,0.478125
exp_mo_8comma16_run1,"(8,16)-ES",2,30,MOBOEGBWEICPF,0.351828
exp_mo_8comma16_run1,"(8,16)-ES",2,31,MOBOEGBWDA,0.316464
exp_mo_8comma16_run1,"(8,16)-ES",2,32,MOBOGPTS,0.375364
exp_mo_8comma16_run1,"(8,16)-ES",2,33,MOBOGPRefinedACQ,0.352933
exp_mo_8comma16_run1,"(8,16)-ES",2,34,MOBOATLCBGP,0.443636
exp_mo_8comma16_run1,"(8,16)-ES",2,35,MOBOAugmentedGP,0.346994
exp_mo_8comma16_run1,"(8,16)-ES",2,36,MOBOATLCB_V,0.466650
exp_mo_8comma16_run1,"(8,16)-ES",2,37,MOBOTchebyLCBGP,0.448702
exp_mo_8comma16_run1,"(8,16)-ES",2,38,MOBORFEIDD,0.351986
exp_mo_8comma16_run1,"(8,16)-ES",2,39,MOBODiversityRF,0.336650
exp_mo_8comma16_run1,"(8,16)-ES",2,40,MOBORFEIDiv,
exp_mo_8comma16_run1,"(8,16)-ES",3,41,MOBOGPHybridACQ,0.350486
exp_mo_8comma16_run1,"(8,16)-ES",3,42,MOBOParEGO_RFR,
exp_mo_8comma16_run1,"(8,16)-ES",3,43,MOBORFEIDD_Fast,0.352172
exp_mo_8comma16_run1,"(8,16)-ES",3,44,MOBORefinedATLCB,0.447332
exp_mo_8comma16_run1,"(8,16)-ES",3,45,MOBOWEIDDGP,0.354016
exp_mo_8comma16_run1,"(8,16)-ES",3,46,MOBOATLCBGPv2,0.374182
exp_mo_8comma16_run1,"(8,16)-ES",3,47,MOBOAugmentedTchebycheffGP,0.473850
exp_mo_8comma16_run1,"(8,16)-ES",3,48,MOBOGPRefinedACQ,0.350450
exp_mo_8comma16_run1,"(8,16)-ES",3,49,MOBOGPTS,0.468026
exp_mo_8comma16_run1,"(8,16)-ES",3,50,MOBOGPAdaptiveLCB,0.445908
exp_mo_8comma16_run1,"(8,16)-ES",3,51,MOBOImprovedATLCBGP,0.453172
exp_mo_8comma16_run1,"(8,16)-ES",3,52,MOBOEfficientGP,0.432468
exp_mo_8comma16_run1,"(8,16)-ES",3,53,MOBOScalableTchebyGP,0.430906
exp_mo_8comma16_run1,"(8,16)-ES",3,54,MOBOImprovedGPLCB,0.432764
exp_mo_8comma16_run1,"(8,16)-ES",3,55,MOBOAugmentedGP,0.336700
exp_mo_8comma16_run1,"(8,16)-ES",3,56,MOBOTchebyLCBGP,0.454067
exp_mo_8comma16_run1,"(8,16)-ES",4,57,MOBORefinedEfficientGP,0.452841
exp_mo_8comma16_run1,"(8,16)-ES",4,58,MOBOGlobalNormGPLCB,0.449851
exp_mo_8comma16_run1,"(8,16)-ES",4,59,MOBOHybridGPLCB,0.343583
exp_mo_8comma16_run1,"(8,16)-ES",4,60,MOBOGPStableLCB,0.429496
exp_mo_8comma16_run1,"(8,16)-ES",4,61,MOBORefinedATLCB,0.470722
exp_mo_8comma16_run1,"(8,16)-ES",4,62,MOBOGPRefinedLCB,0.436597
exp_mo_8comma16_run1,"(8,16)-ES",4,63,MOBOVectorizedATLCBGP,0.468307
exp_mo_8comma16_run1,"(8,16)-ES",4,64,MOBORefinedTchebyLCBGP,0.481079
exp_mo_8comma16_run1,"(8,16)-ES",4,65,MOBORobustGPLCB,0.371709
exp_mo_8comma16_run1,"(8,16)-ES",4,66,MOBOAugmentedTchebyLCBGP,0.369999
exp_mo_8comma16_run1,"(8,16)-ES",4,67,MOBOAugmentedTchebycheffGP,0.347206
exp_mo_8comma16_run1,"(8,16)-ES",4,68,MOBOVectorizedATLCB,0.388336
exp_mo_8comma16_run1,"(8,16)-ES",4,69,MOBOEfficientGPRobust,0.453890
exp_mo_8comma16_run1,"(8,16)-ES",4,70,MOBOFixedKernelGPLCB,0.349006
exp_mo_8comma16_run1,"(8,16)-ES",4,71,MOBOGPAdaptiveLCB,0.449768
exp_mo_8comma16_run1,"(8,16)-ES",4,72,MOBORefinedATLCB,0.452049
exp_mo_8comma16_run1,"(8,16)-ES",5,73,MOBOGlobalNormFastGP,0.444206
exp_mo_8comma16_run1,"(8,16)-ES",5,74,MOBOAugmentedTchebyGP,0.439293
exp_mo_8comma16_run1,"(8,16)-ES",5,75,MOBOGPAdaptiveLCBScaledNoise,0.442682
exp_mo_8comma16_run1,"(8,16)-ES",5,76,MOBOGlobalNormATLCB,0.379328
exp_mo_8comma16_run1,"(8,16)-ES",5,77,MOBOEfficientVecGPLCB,0.450349
exp_mo_8comma16_run1,"(8,16)-ES",5,78,MOBOGlobalNormVecGPLCB,0.442144
exp_mo_8comma16_run1,"(8,16)-ES",5,79,MOBOAugmentedTchebyGP,0.379767
exp_mo_8comma16_run1,"(8,16)-ES",5,80,MOBOGPUnifiedLCB,0.476004
exp_mo_8comma16_run1,"(8,16)-ES",5,81,MOBORobustGPLCB,0.344481
exp_mo_8comma16_run1,"(8,16)-ES",5,82,MOBOAugmentedRobustGP,0.454348
exp_mo_8comma16_run1,"(8,16)-ES",5,83,MOBORobustUnifiedGP,0.439568
exp_mo_8comma16_run1,"(8,16)-ES",5,84,MOBOGlobalNormGPEfficient,0.343372
exp_mo_8comma16_run1,"(8,16)-ES",5,85,MOBOEfficientATLCB,0.424985
exp_mo_8comma16_run1,"(8,16)-ES",5,86,MOBOVectorizedTchebyLCBGP,0.438694
exp_mo_8comma16_run1,"(8,16)-ES",5,87,MOBORobustATLCBGP,0.376466
exp_mo_8comma16_run1,"(8,16)-ES",5,88,MOBOHybridATLCBGP,0.332750
exp_mo_8comma16_run1,"(8,16)-ES",6,89,MOBOAugmentedTchebyGPRefined,0.434433
exp_mo_8comma16_run1,"(8,16)-ES",6,90,MOBOEnhancedRobustGP,0.411652
exp_mo_8comma16_run1,"(8,16)-ES",6,91,MOBOAugmentedGlobalNormGP,0.396138
exp_mo_8comma16_run1,"(8,16)-ES",6,92,MOBOVecGPRobustNorm,0.436820
exp_mo_8comma16_run1,"(8,16)-ES",6,93,MOBOAdaptiveAugmentedTchebyGP,0.440460
exp_mo_8comma16_run1,"(8,16)-ES",6,94,MOBORobustIsotropicGP,0.448328
exp_mo_8comma16_run1,"(8,16)-ES",6,95,MOBOGPUnifiedRobust,0.452435
exp_mo_8comma16_run1,"(8,16)-ES",6,96,MOBOGlobalNormFastVecGPLCB,0.476400
exp_mo_8comma16_run1,"(8,16)-ES",6,97,MOBORefinedVecGPLCB,0.350411
exp_mo_8comma16_run1,"(8,16)-ES",6,98,MOBOGPFlexNoiseOptLCB,0.473824
exp_mo_8comma16_run1,"(8,16)-ES",6,99,MOBOGlobalNormTchebyGP,0.445814
exp_mo_8comma16_run1,"(8,16)-ES",6,100,MOBOStableTchebyGP,0.449307
exp_mo_8comma16_run1,"(8,16)-ES",6,101,MOBOEnhancedVecGPLCB,0.371984
exp_mo_8comma16_run1,"(8,16)-ES",6,102,MOBOGlobalVectGP,0.465370
exp_mo_8comma16_run1,"(8,16)-ES",6,103,MOBOAugmentedRobustGP,0.436178
exp_mo_8comma16_run1,"(8,16)-ES",6,104,MOBOScalableGPLCB,0.405391
exp_mo_8comma16_run2,"(8,16)-ES",0,1,MOBOGP_Tcheby,0.504149
exp_mo_8comma16_run2,"(8,16)-ES",0,2,MOBORF_WSLCB,0.440141
exp_mo_8comma16_run2,"(8,16)-ES",0,3,MOBOKNN_ParEGO_EI,0.452695
exp_mo_8comma16_run2,"(8,16)-ES",0,4,MOBOBaggingTchebyLCB,0.475019
exp_mo_8comma16_run2,"(8,16)-ES",0,5,MOBOKRR_ASF_EI,0.464749
exp_mo_8comma16_run2,"(8,16)-ES",0,6,MOBOEnsembleRidge_MPFDU,0.479750
exp_mo_8comma16_run2,"(8,16)-ES",0,7,MOBOExtraTrees_CrowdingLCB,0.462123
exp_mo_8comma16_run2,"(8,16)-ES",0,8,MOBOPolyLR_NadirChebyEI,0.477509
exp_mo_8comma16_run2,"(8,16)-ES",1,9,MOBORF_ParEGO_EI,0.468224
exp_mo_8comma16_run2,"(8,16)-ES",1,10,MOBORF_WSLCB,0.413984
exp_mo_8comma16_run2,"(8,16)-ES",1,11,MOBOKNN_ParEGO_EI_Optimized,0.470243
exp_mo_8comma16_run2,"(8,16)-ES",1,12,MOBOExtraTrees_CrowdingLCB,0.471319
exp_mo_8comma16_run2,"(8,16)-ES",1,13,MOBOExtraTrees_ASF_EI,0.465024
exp_mo_8comma16_run2,"(8,16)-ES",1,14,MOBOTrees_TchebyLCB,0.401930
exp_mo_8comma16_run2,"(8,16)-ES",1,15,MOBOExtraTrees_ParEGO_EI,0.471872
exp_mo_8comma16_run2,"(8,16)-ES",1,16,MOBOBaggingTchebyLCB,0.491556
exp_mo_8comma16_run2,"(8,16)-ES",1,17,MOBORF_ASFEI,0.437356
exp_mo_8comma16_run2,"(8,16)-ES",1,18,MOBOPolyLR_NadirChebyEI,0.409149
exp_mo_8comma16_run2,"(8,16)-ES",1,19,MOBOExtraTrees_ASF_EI,0.474077
exp_mo_8comma16_run2,"(8,16)-ES",1,20,MOBOExtraTrees_ASF_EI,0.452552
exp_mo_8comma16_run2,"(8,16)-ES",1,21,MOBORF_TchebyLCB,0.463036
exp_mo_8comma16_run2,"(8,16)-ES",1,22,MOBOEnsembleRidge_MPFDUWS,0.533440
exp_mo_8comma16_run2,"(8,16)-ES",1,23,MOBOGP_Tcheby,0.472122
exp_mo_8comma16_run2,"(8,16)-ES",1,24,MOBORidgeTchebyLCB,0.502020
exp_mo_8comma16_run2,"(8,16)-ES",2,25,MOBOExtraTrees_CDLCB,0.463851
exp_mo_8comma16_run2,"(8,16)-ES",2,26,MOBOExtraTrees_ParEGO_EI_Opt,0.480097
exp_mo_8comma16_run2,"(8,16)-ES",2,27,MOBOExtraTrees_ParEGO_CrowdingHybrid,0.434338
exp_mo_8comma16_run2,"(8,16)-ES",2,28,MOBORidgeEI_Optimized,0.532226
exp_mo_8comma16_run2,"(8,16)-ES",2,29,MOBOGP_ParEGO_Optimized,0.451461
exp_mo_8comma16_run2,"(8,16)-ES",2,30,MOBOExtraTrees_TchebyLCB,0.463792
exp_mo_8comma16_run2,"(8,16)-ES",2,31,MOBOExtraTrees_CrowdingLCB,0.430700
exp_mo_8comma16_run2,"(8,16)-ES",2,32,MOBOExtraTrees_ParEGO_EI_Fast,0.404456
exp_mo_8comma16_run2,"(8,16)-ES",2,33,MOBOExtraTrees_ParEGO_Optimized,0.495688
exp_mo_8comma16_run2,"(8,16)-ES",2,34,MOBOExtraTrees_CDLCB_V2,0.448119
exp_mo_8comma16_run2,"(8,16)-ES",2,35,MOBOExtraTrees_ParEGO_EI,0.400339
exp_mo_8comma16_run2,"(8,16)-ES",2,36,MOBOGP_Tcheby_Refined,0.409777
exp_mo_8comma16_run2,"(8,16)-ES",2,37,MOBOExtraTrees_ASF_EI,0.449916
exp_mo_8comma16_run2,"(8,16)-ES",2,38,MOBOBaggingTchebyLCB,0.396585
exp_mo_8comma16_run2,"(8,16)-ES",2,39,MOBOExtraTrees_RobustASF_EI,0.480374
exp_mo_8comma16_run2,"(8,16)-ES",2,40,MOBORidgeTchebyLCB,0.442912
exp_mo_8comma16_run2,"(8,16)-ES",3,41,MOBOGP_ParEGO_Refined,0.457767
exp_mo_8comma16_run2,"(8,16)-ES",3,42,MOBOExtraTrees_ASF_EI_MultiOutput,0.439129
exp_mo_8comma16_run2,"(8,16)-ES",3,43,MOBOGP_ParEGO_Refined,0.424205
exp_mo_8comma16_run2,"(8,16)-ES",3,44,MOBOExtraTrees_ParEGO_EI,0.432401
exp_mo_8comma16_run2,"(8,16)-ES",3,45,MOBOExtraTrees_AugmentedTchebyLCB,0.443787
exp_mo_8comma16_run2,"(8,16)-ES",3,46,MOBOExtraTrees_ParEGO_EI,0.429763
exp_mo_8comma16_run2,"(8,16)-ES",3,47,MOBOExtraTrees_ParEGO_EI,0.443398
exp_mo_8comma16_run2,"(8,16)-ES",3,48,MOBOExtraTrees_HypervolumeLCB,0.458196
exp_mo_8comma16_run2,"(8,16)-ES",3,49,MOBOExtraTrees_ParEGO_EI_Vectorized,0.483996
exp_mo_8comma16_run2,"(8,16)-ES",3,50,MOBOExtraTrees_ParEGO_Robust,0.421188
exp_mo_8comma16_run2,"(8,16)-ES",3,51,MOBOExtraTrees_ParEGO_EI_Robust,0.431753
exp_mo_8comma16_run2,"(8,16)-ES",3,52,MOBOExtraTrees_TchebyLCB,0.463792
exp_mo_8comma16_run2,"(8,16)-ES",3,53,MOBOExtraTrees_ParEGO_EI_Robust,0.405076
exp_mo_8comma16_run2,"(8,16)-ES",3,54,MOBOExtraTrees_EfficientASF_EI,0.401183
exp_mo_8comma16_run2,"(8,16)-ES",3,55,MOBOExtraTrees_CDLCB_Refined,0.448306
exp_mo_8comma16_run2,"(8,16)-ES",3,56,MOBOExtraTrees_ParEGO_EI,0.450423
exp_mo_8comma16_run2,"(8,16)-ES",4,57,MOBOExtraTrees_ParEGO_EI_SimplifiedRef,0.424394
exp_mo_8comma16_run2,"(8,16)-ES",4,58,MOBOExtraTrees_ParEGO_EI_Filtered,0.399987
exp_mo_8comma16_run2,"(8,16)-ES",4,59,MOBOExtraTrees_ATDP_LCB,0.399731
exp_mo_8comma16_run2,"(8,16)-ES",4,60,MOBOExtraTrees_ParEGO_EI_Vectorized,0.445360
exp_mo_8comma16_run2,"(8,16)-ES",4,61,MOBOExtraTrees_ParEGO_EfficientEI,0.393107
exp_mo_8comma16_run2,"(8,16)-ES",4,62,MOBOExtraTrees_ParEGO_DominanceFiltered,0.421212
exp_mo_8comma16_run2,"(8,16)-ES",4,63,MOBOGP_ParEGO_Accelerated,0.445538
exp_mo_8comma16_run2,"(8,16)-ES",4,64,MOBOGP_ParEGO_Vectorized,0.428811
exp_mo_8comma16_run2,"(8,16)-ES",4,65,MOBOExtraTrees_ParEGO_Refined,0.428506
exp_mo_8comma16_run2,"(8,16)-ES",4,66,MOBOExtraTrees_ParEGO_EI,0.427005
exp_mo_8comma16_run2,"(8,16)-ES",4,67,MOBOGP_ParEGO_Refined,0.439196
exp_mo_8comma16_run2,"(8,16)-ES",4,68,MOBOExtraTrees_AugmentedTchebyLCB_Refined,0.418940
exp_mo_8comma16_run2,"(8,16)-ES",4,69,MOBOExtraTrees_ParEGO_Optimized,0.392373
exp_mo_8comma16_run2,"(8,16)-ES",4,70,MOBOExtraTrees_MonteCarloEHVI,0.469073
exp_mo_8comma16_run2,"(8,16)-ES",4,71,MOBOExtraTrees_CDLCB_Refined,0.443619
exp_mo_8comma16_run2,"(8,16)-ES",4,72,MOBOExtraTrees_FilteredHypervolumeLCB,0.472108
exp_mo_8comma16_run2,"(8,16)-ES",5,73,MOBOExtraTrees_ParEGO_Robust,0.457655
exp_mo_8comma16_run2,"(8,16)-ES",5,74,MOBOExtraTrees_VectorizedEI,0.454686
exp_mo_8comma16_run2,"(8,16)-ES",5,75,MOBOExtraTrees_ParEGO_Optimized,0.410579
exp_mo_8comma16_run2,"(8,16)-ES",5,76,MOBOGP_ParEGO_Hybrid,0.447328
exp_mo_8comma16_run2,"(8,16)-ES",5,77,MOBOExtraTrees_HypervolumeLCB,0.441393
exp_mo_8comma16_run2,"(8,16)-ES",5,78,MOBOExtraTrees_CDLCB_FastPF,0.441563
exp_mo_8comma16_run2,"(8,16)-ES",5,79,MOBOExtraTrees_ParEGO_EI,0.426792
exp_mo_8comma16_run2,"(8,16)-ES",5,80,MOBOExtraTrees_ParEGO_Robust,0.462433
exp_mo_8comma16_run2,"(8,16)-ES",5,81,MOBOGP_ParEGO_Vectorized_Refined,
exp_mo_8comma16_run2,"(8,16)-ES",5,82,MOBOGP_ParEGO_Optimized,0.442107
exp_mo_8comma16_run2,"(8,16)-ES",5,83,MOBOExtraTrees_CDLCB_Refined,0.417442
exp_mo_8comma16_run2,"(8,16)-ES",5,84,MOBOExtraTrees_RefinedParEGO_EI,0.402104
exp_mo_8comma16_run2,"(8,16)-ES",5,85,MOBOExtraTrees_ParEGO_EI_Hybrid,0.438264
exp_mo_8comma16_run2,"(8,16)-ES",5,86,MOBOGP_ParEGO_Accelerated,0.454695
exp_mo_8comma16_run2,"(8,16)-ES",5,87,MOBOExtraTrees_MonteCarloEHVI,0.469073
exp_mo_8comma16_run2,"(8,16)-ES",5,88,MOBOGP_ParEGO_Vectorized,0.438912
exp_mo_8comma16_run2,"(8,16)-ES",6,89,MOBOExtraTrees_ParEGO_Fast,0.451317
exp_mo_8comma16_run2,"(8,16)-ES",6,90,MOBOExtraTrees_CDLCB_BatchDiversity,0.368823
exp_mo_8comma16_run2,"(8,16)-ES",6,91,MOBOGP_ParEGO_Refined,0.469336
exp_mo_8comma16_run2,"(8,16)-ES",6,92,MOBOExtraTrees_ParEGO_Fast,0.401025
exp_mo_8comma16_run2,"(8,16)-ES",6,93,MOBOGP_ParEGO_Enhanced,0.465413
exp_mo_8comma16_run2,"(8,16)-ES",6,94,MOBOExtraTrees_ParEGO_HV,0.462940
exp_mo_8comma16_run2,"(8,16)-ES",6,95,MOBOGP_ParEGO_WindowedPF,0.450751
exp_mo_8comma16_run2,"(8,16)-ES",6,96,MOBOExtraTrees_ParEGO_Refined,0.471600
exp_mo_8comma16_run2,"(8,16)-ES",6,97,MOBOExtraTrees_OptimizedParEGO,0.467425
exp_mo_8comma16_run2,"(8,16)-ES",6,98,MOBOExtraTrees_ParEGO_Fast,0.457638
exp_mo_8comma16_run2,"(8,16)-ES",6,99,MOBOGP_ParEGO_Refined,
exp_mo_8comma16_run2,"(8,16)-ES",6,100,MOBOExtraTrees_ParEGO_Robust,0.432286
exp_mo_8comma16_run2,"(8,16)-ES",6,101,MOBOGP_ParEGO_Refined,0.407103
exp_mo_8comma16_run2,"(8,16)-ES",6,102,MOBOGP_ParEGO_RobustRef,0.455464
exp_mo_8comma16_run2,"(8,16)-ES",6,103,MOBOGP_ParEGO_Efficient,0.500197
exp_mo_8comma16_run2,"(8,16)-ES",6,104,MOBOExtraTrees_RobustParEGO,0.475305
exp_mo_8comma16_run3,"(8,16)-ES",0,1,MOBOEHVI,0.354149
exp_mo_8comma16_run3,"(8,16)-ES",0,2,MOBOHVLCB,0.349851
exp_mo_8comma16_run3,"(8,16)-ES",0,3,MOBOWeightedLCB,0.362203
exp_mo_8comma16_run3,"(8,16)-ES",0,4,MOBORFNSGA2,0.400390
exp_mo_8comma16_run3,"(8,16)-ES",0,5,MOBODEI,0.342606
exp_mo_8comma16_run3,"(8,16)-ES",0,6,MOBOFrontLCB,0.351451
exp_mo_8comma16_run3,"(8,16)-ES",0,7,MOBOUncertaintyFront,
exp_mo_8comma16_run3,"(8,16)-ES",0,8,MOBOETUCB,0.367986
exp_mo_8comma16_run3,"(8,16)-ES",1,9,MOBODSEI,0.383180
exp_mo_8comma16_run3,"(8,16)-ES",1,10,MOBOUncertaintyFront,0.391404
exp_mo_8comma16_run3,"(8,16)-ES",1,11,MOBODEIFast,0.384165
exp_mo_8comma16_run3,"(8,16)-ES",1,12,MOBOGPLCB,0.367655
exp_mo_8comma16_run3,"(8,16)-ES",1,13,MOBOSEIDiversity,0.402917
exp_mo_8comma16_run3,"(8,16)-ES",1,14,MOBOFPSGP,0.394369
exp_mo_8comma16_run3,"(8,16)-ES",1,15,MOBOAdaptiveHVLCB,0.384544
exp_mo_8comma16_run3,"(8,16)-ES",1,16,MOBOFrontLCBOptimized,0.412813
exp_mo_8comma16_run3,"(8,16)-ES",1,17,MOBOSEI,0.373146
exp_mo_8comma16_run3,"(8,16)-ES",1,18,MOBOWeightedLCB,0.389648
exp_mo_8comma16_run3,"(8,16)-ES",1,19,MOBOETUCB,0.367986
exp_mo_8comma16_run3,"(8,16)-ES",1,20,MOBOFrontEI,0.357022
exp_mo_8comma16_run3,"(8,16)-ES",1,21,MOBONormHVLCB,0.336756
exp_mo_8comma16_run3,"(8,16)-ES",1,22,MOBORFNSGA2,0.379247
exp_mo_8comma16_run3,"(8,16)-ES",1,23,MOBOScalarizedLCB,0.399725
exp_mo_8comma16_run3,"(8,16)-ES",1,24,MOBOBatchDiversityEI,0.367808
exp_mo_8comma16_run3,"(8,16)-ES",2,25,MOBODEIFastRefined,0.383939
exp_mo_8comma16_run3,"(8,16)-ES",2,26,MOBOBatchDiversityHVLCB,
exp_mo_8comma16_run3,"(8,16)-ES",2,27,MOBOHybridFast,0.387825
exp_mo_8comma16_run3,"(8,16)-ES",2,28,MOBONormalizedWLCB,0.424297
exp_mo_8comma16_run3,"(8,16)-ES",2,29,MOBOTchebyLCB,0.398397
exp_mo_8comma16_run3,"(8,16)-ES",2,30,MOBOFastSEI,0.372799
exp_mo_8comma16_run3,"(8,16)-ES",2,31,MOBOWeightedLCBRefined,0.382193
exp_mo_8comma16_run3,"(8,16)-ES",2,32,MOBOBaggedHVLCB,0.433981
exp_mo_8comma16_run3,"(8,16)-ES",2,33,MOBOScalarizedLCBFront,
exp_mo_8comma16_run3,"(8,16)-ES",2,34,MOBOBaggedWLCB,0.206008
exp_mo_8comma16_run3,"(8,16)-ES",2,35,MOBOFPSBatch,0.408023
exp_mo_8comma16_run3,"(8,16)-ES",2,36,MOBONormLCBPareto,0.396392
exp_mo_8comma16_run3,"(8,16)-ES",2,37,MOBOFPSWLCB,0.364820
exp_mo_8comma16_run3,"(8,16)-ES",2,38,MOBODynamicFront,0.405553
exp_mo_8comma16_run3,"(8,16)-ES",2,39,MOBOHybridDiversityLCB,0.403562
exp_mo_8comma16_run3,"(8,16)-ES",2,40,MOBOScalarizedLCB,0.398998
exp_mo_8comma16_run3,"(8,16)-ES",3,41,MOBONormScalarized,0.372276
exp_mo_8comma16_run3,"(8,16)-ES",3,42,MOBOBaggedLCBPareto,0.373326
exp_mo_8comma16_run3,"(8,16)-ES",3,43,MOBOBaggedTchebyLCB,0.408494
exp_mo_8comma16_run3,"(8,16)-ES",3,44,MOBONormalizedLCBBatch,0.366311
exp_mo_8comma16_run3,"(8,16)-ES",3,45,MOBOHybridTchebyLCB,0.339414
exp_mo_8comma16_run3,"(8,16)-ES",3,46,MOBONormLCBPareto,0.387676
exp_mo_8comma16_run3,"(8,16)-ES",3,47,MOBODiverseBatchLCB,0.381545
exp_mo_8comma16_run3,"(8,16)-ES",3,48,MOBODynamicEnsemble,0.387838
exp_mo_8comma16_run3,"(8,16)-ES",3,49,MOBOTchebyEnsemble,0.359378
exp_mo_8comma16_run3,"(8,16)-ES",3,50,MOBOHybridAcquisition,0.369866
exp_mo_8comma16_run3,"(8,16)-ES",3,51,MOBONormTchebyLCB,
exp_mo_8comma16_run3,"(8,16)-ES",3,52,MOBODiverseLCBFront,0.357736
exp_mo_8comma16_run3,"(8,16)-ES",3,53,MOBOScalableBatchLCB,0.401597
exp_mo_8comma16_run3,"(8,16)-ES",3,54,MOBOWeightedLCBFPS,0.351327
exp_mo_8comma16_run3,"(8,16)-ES",3,55,MOBOScalarizedGPSampler,0.399205
exp_mo_8comma16_run3,"(8,16)-ES",3,56,MOBOScalarizedFPS,0.389138
exp_mo_8comma16_run3,"(8,16)-ES",4,57,MOBOBaggedLCBPareto,0.395835
exp_mo_8comma16_run3,"(8,16)-ES",4,58,MOBODiverseBatchLCB,0.379205
exp_mo_8comma16_run3,"(8,16)-ES",4,59,MOBOBaggedLCBParetoBatch,0.438392
exp_mo_8comma16_run3,"(8,16)-ES",4,60,MOBONormLCBPareto,0.400855
exp_mo_8comma16_run3,"(8,16)-ES",4,61,MOBODynamicEnsemble,0.427637
exp_mo_8comma16_run3,"(8,16)-ES",4,62,MOBOScalarizedLCB,0.356883
exp_mo_8comma16_run3,"(8,16)-ES",4,63,MOBODiverseBaggingLCB,0.360154
exp_mo_8comma16_run3,"(8,16)-ES",4,64,MOBOScalarizedFPS,0.395443
exp_mo_8comma16_run3,"(8,16)-ES",4,65,MOBODynamicLCBCrowding,0.403776
exp_mo_8comma16_run3,"(8,16)-ES",4,66,MOBOHybridLCBBatch,0.363858
exp_mo_8comma16_run3,"(8,16)-ES",4,67,MOBOFastEnsembleLCB,
exp_mo_8comma16_run3,"(8,16)-ES",4,68,MOBOBaggedLCB_FPS,0.422615
exp_mo_8comma16_run3,"(8,16)-ES",4,69,MOBOFPSEnsemble,0.440824
exp_mo_8comma16_run3,"(8,16)-ES",4,70,MOBOEnsembleLCBAvgFPS,0.455129
exp_mo_8comma16_run3,"(8,16)-ES",4,71,MOBOHybridBatchLCB,0.363413
exp_mo_8comma16_run3,"(8,16)-ES",4,72,MOBOHypervolumeGPSampler,0.361733
exp_mo_8comma16_run3,"(8,16)-ES",5,73,MOBOBaggedLCBPareto,0.434875
exp_mo_8comma16_run3,"(8,16)-ES",5,74,MOBOEnsembleLCBPareto,0.396274
exp_mo_8comma16_run3,"(8,16)-ES",5,75,MOBOHybridLCBDiversity,0.374301
exp_mo_8comma16_run3,"(8,16)-ES",5,76,MOBOBaggedLCBHV,0.374398
exp_mo_8comma16_run3,"(8,16)-ES",5,77,MOBOBaggedLCB_DivBatch,0.423087
exp_mo_8comma16_run3,"(8,16)-ES",5,78,MOBONormLCBEnsembleFPS,0.387406
exp_mo_8comma16_run3,"(8,16)-ES",5,79,MOBORobustLCBFPS,0.455919
exp_mo_8comma16_run3,"(8,16)-ES",5,80,MOBOCrowdingEnsemble,0.407322
exp_mo_8comma16_run3,"(8,16)-ES",5,81,MOBODynamicBatchLCB,0.431608
exp_mo_8comma16_run3,"(8,16)-ES",5,82,MOBONormLCBPareto,0.388409
exp_mo_8comma16_run3,"(8,16)-ES",5,83,MOBODynamicEnsembleLCBCrowding,0.455002
exp_mo_8comma16_run3,"(8,16)-ES",5,84,MOBOScalarizedFPS,0.444333
exp_mo_8comma16_run3,"(8,16)-ES",5,85,MOBODynamicLCBCrowding,0.403776
exp_mo_8comma16_run3,"(8,16)-ES",5,86,MOBOBaggedLCB_BatchDiv,0.373216
exp_mo_8comma16_run3,"(8,16)-ES",5,87,MOBOBaggedLCB_FPS,0.422522
exp_mo_8comma16_run3,"(8,16)-ES",5,88,MOBOBaggedLCBDiversityBatch,0.375663
exp_mo_8comma16_run3,"(8,16)-ES",6,89,MOBOEnsembleLCB_CrowdingBatch,0.405611
exp_mo_8comma16_run3,"(8,16)-ES",6,90,MOBOEnsembleLCBDiversity,0.427208
exp_mo_8comma16_run3,"(8,16)-ES",6,91,MOBODynamicCrowdingEnsemble,0.405288
exp_mo_8comma16_run3,"(8,16)-ES",6,92,MOBORobustLCB_FPS,0.410708
exp_mo_8comma16_run3,"(8,16)-ES",6,93,MOBOBaggedLCB_FPS,0.427128
exp_mo_8comma16_run3,"(8,16)-ES",6,94,MOBODynamicBatchEnsemble,0.424489
exp_mo_8comma16_run3,"(8,16)-ES",6,95,MOBOBaggedLCB_DivBatch,0.437695
exp_mo_8comma16_run3,"(8,16)-ES",6,96,MOBODynamicBatchLCB,0.434554
exp_mo_8comma16_run3,"(8,16)-ES",6,97,MOBOHybridLCBFPS,0.376655
exp_mo_8comma16_run3,"(8,16)-ES",6,98,MOBOBaggedLCBParetoV2,0.412474
exp_mo_8comma16_run3,"(8,16)-ES",6,99,MOBOEnsembleLCB_FPS,0.407446
exp_mo_8comma16_run3,"(8,16)-ES",6,100,MOBODiversityEnsemble,0.415495
exp_mo_8comma16_run3,"(8,16)-ES",6,101,MOBOBaggedLCB_ScalarFPS,0.411168
exp_mo_8comma16_run3,"(8,16)-ES",6,102,MOBOBaggedLCB_ScalarFPS,0.425677
exp_mo_8comma16_run3,"(8,16)-ES",6,103,MOBOEnsembleCrowdingBatch,0.385074
exp_mo_8comma16_run3,"(8,16)-ES",6,104,MOBOLCBFrontFPS,0.441703
